Month,Day,Year,"(mm) Snow Depth (SNODAS) at -96.8120E,46.8970N, 2003-10-01 to 2021-01-13",Flag
10,1,2003,0,
10,2,2003,0,
10,3,2003,0,
10,4,2003,0,
10,5,2003,0,
10,6,2003,0,
10,7,2003,0,
10,8,2003,0,
10,9,2003,0,
10,10,2003,0,
10,11,2003,0,
10,12,2003,0,
10,13,2003,0,
10,14,2003,0,
10,15,2003,0,
10,16,2003,0,
10,17,2003,0,
10,18,2003,0,
10,19,2003,0,
10,20,2003,0,
10,21,2003,0,
10,22,2003,0,
10,23,2003,0,
10,24,2003,0,
10,25,2003,0,
10,26,2003,0,
10,27,2003,0,
10,28,2003,0,
10,29,2003,0,
10,30,2003,0,e
10,31,2003,0,
11,1,2003,0,
11,2,2003,0,
11,3,2003,0,
11,4,2003,4,
11,5,2003,62,
11,6,2003,55,
11,7,2003,49,
11,8,2003,46,
11,9,2003,42,
11,10,2003,40,
11,11,2003,11,
11,12,2003,4,
11,13,2003,15,
11,14,2003,0,
11,15,2003,0,
11,16,2003,0,
11,17,2003,0,
11,18,2003,0,
11,19,2003,0,
11,20,2003,0,
11,21,2003,0,
11,22,2003,0,
11,23,2003,0,
11,24,2003,0,
11,25,2003,0,
11,26,2003,9,
11,27,2003,7,
11,28,2003,6,
11,29,2003,5,
11,30,2003,0,
12,1,2003,0,
12,2,2003,0,
12,3,2003,0,
12,4,2003,0,
12,5,2003,17,
12,6,2003,16,
12,7,2003,14,
12,8,2003,14,
12,9,2003,18,
12,10,2003,17,
12,11,2003,17,
12,12,2003,16,
12,13,2003,15,
12,14,2003,14,
12,15,2003,14,
12,16,2003,60,
12,17,2003,55,
12,18,2003,166,
12,19,2003,152,
12,20,2003,145,
12,21,2003,138,
12,22,2003,98,
12,23,2003,96,
12,24,2003,97,
12,25,2003,96,
12,26,2003,92,
12,27,2003,91,
12,28,2003,10,
12,29,2003,23,
12,30,2003,23,
12,31,2003,50,
1,1,2004,48,
1,2,2004,46,
1,3,2004,45,
1,4,2004,44,
1,5,2004,42,
1,6,2004,97,
1,7,2004,94,
1,8,2004,93,
1,9,2004,92,
1,10,2004,89,
1,11,2004,90,
1,12,2004,90,
1,13,2004,89,
1,14,2004,87,
1,15,2004,88,
1,16,2004,94,
1,17,2004,92,
1,18,2004,89,
1,19,2004,88,
1,20,2004,87,
1,21,2004,86,
1,22,2004,85,
1,23,2004,83,
1,24,2004,117,
1,25,2004,116,
1,26,2004,246,
1,27,2004,239,
1,28,2004,435,
1,29,2004,414,
1,30,2004,398,
1,31,2004,386,
2,1,2004,376,
2,2,2004,366,
2,3,2004,358,
2,4,2004,345,
2,5,2004,345,
2,6,2004,366,
2,7,2004,356,
2,8,2004,349,
2,9,2004,345,
2,10,2004,301,
2,11,2004,299,
2,12,2004,307,
2,13,2004,463,
2,14,2004,416,
2,15,2004,388,
2,16,2004,369,
2,17,2004,352,
2,18,2004,292,
2,19,2004,284,
2,20,2004,238,
2,21,2004,234,
2,22,2004,232,
2,23,2004,231,
2,24,2004,250,
2,25,2004,205,e
2,26,2004,251,
2,27,2004,229,
2,28,2004,145,
2,29,2004,134,
3,1,2004,118,
3,2,2004,109,
3,3,2004,126,
3,4,2004,162,
3,5,2004,162,
3,6,2004,174,
3,7,2004,172,
3,8,2004,168,
3,9,2004,130,
3,10,2004,66,
3,11,2004,30,
3,12,2004,29,
3,13,2004,27,
3,14,2004,0,
3,15,2004,0,
3,16,2004,0,
3,17,2004,14,
3,18,2004,0,
3,19,2004,0,
3,20,2004,0,
3,21,2004,0,
3,22,2004,0,
3,23,2004,0,
3,24,2004,0,
3,25,2004,0,
3,26,2004,0,
3,27,2004,0,
3,28,2004,0,
3,29,2004,0,
3,30,2004,0,
3,31,2004,0,
4,1,2004,0,
4,2,2004,0,
4,3,2004,0,
4,4,2004,0,
4,5,2004,0,
4,6,2004,0,
4,7,2004,0,
4,8,2004,0,
4,9,2004,0,
4,10,2004,0,
4,11,2004,0,
4,12,2004,0,
4,13,2004,0,
4,14,2004,0,
4,15,2004,0,
4,16,2004,0,
4,17,2004,0,
4,18,2004,0,
4,19,2004,0,
4,20,2004,0,
4,21,2004,0,
4,22,2004,0,
4,23,2004,0,
4,24,2004,0,
4,25,2004,0,
4,26,2004,0,
4,27,2004,0,
4,28,2004,0,
4,29,2004,0,
4,30,2004,0,
5,1,2004,0,
5,2,2004,0,
5,3,2004,0,
5,4,2004,0,
5,5,2004,0,
5,6,2004,0,
5,7,2004,0,
5,8,2004,0,
5,9,2004,0,
5,10,2004,0,
5,11,2004,0,
5,12,2004,0,
5,13,2004,0,
5,14,2004,0,
5,15,2004,0,
5,16,2004,0,
5,17,2004,0,
5,18,2004,0,
5,19,2004,0,
5,20,2004,0,
5,21,2004,0,
5,22,2004,0,
5,23,2004,0,
5,24,2004,0,
5,25,2004,0,
5,26,2004,0,
5,27,2004,0,
5,28,2004,0,
5,29,2004,0,
5,30,2004,0,
5,31,2004,0,
6,1,2004,0,
6,2,2004,0,
6,3,2004,0,
6,4,2004,0,
6,5,2004,0,
6,6,2004,0,
6,7,2004,0,
6,8,2004,0,
6,9,2004,0,
6,10,2004,0,
6,11,2004,0,
6,12,2004,0,
6,13,2004,0,
6,14,2004,0,
6,15,2004,0,
6,16,2004,0,
6,17,2004,0,
6,18,2004,0,
6,19,2004,0,
6,20,2004,0,
6,21,2004,0,
6,22,2004,0,
6,23,2004,0,
6,24,2004,0,
6,25,2004,0,
6,26,2004,0,
6,27,2004,0,
6,28,2004,0,
6,29,2004,0,
6,30,2004,0,
7,1,2004,0,
7,2,2004,0,
7,3,2004,0,
7,4,2004,0,
7,5,2004,0,
7,6,2004,0,
7,7,2004,0,
7,8,2004,0,
7,9,2004,0,
7,10,2004,0,
7,11,2004,0,
7,12,2004,0,
7,13,2004,0,
7,14,2004,0,
7,15,2004,0,
7,16,2004,0,
7,17,2004,0,
7,18,2004,0,
7,19,2004,0,
7,20,2004,0,
7,21,2004,0,
7,22,2004,0,
7,23,2004,0,
7,24,2004,0,
7,25,2004,0,
7,26,2004,0,
7,27,2004,0,
7,28,2004,0,
7,29,2004,0,
7,30,2004,0,
7,31,2004,0,
8,1,2004,0,
8,2,2004,0,
8,3,2004,0,
8,4,2004,0,
8,5,2004,0,
8,6,2004,0,
8,7,2004,0,
8,8,2004,0,
8,9,2004,0,
8,10,2004,0,
8,11,2004,0,
8,12,2004,0,
8,13,2004,0,
8,14,2004,0,
8,15,2004,0,
8,16,2004,0,
8,17,2004,0,
8,18,2004,0,
8,19,2004,0,
8,20,2004,0,
8,21,2004,0,
8,22,2004,0,
8,23,2004,0,
8,24,2004,0,
8,25,2004,0,
8,26,2004,0,
8,27,2004,0,
8,28,2004,0,
8,29,2004,0,
8,30,2004,0,
8,31,2004,0,e
9,1,2004,0,
9,2,2004,0,
9,3,2004,0,
9,4,2004,0,
9,5,2004,0,
9,6,2004,0,
9,7,2004,0,
9,8,2004,0,
9,9,2004,0,
9,10,2004,0,
9,11,2004,0,
9,12,2004,0,
9,13,2004,0,
9,14,2004,0,
9,15,2004,0,
9,16,2004,0,
9,17,2004,0,
9,18,2004,0,
9,19,2004,0,
9,20,2004,0,
9,21,2004,0,
9,22,2004,0,
9,23,2004,0,
9,24,2004,0,
9,25,2004,0,
9,26,2004,0,
9,27,2004,0,e
9,28,2004,0,
9,29,2004,0,
9,30,2004,0,
10,1,2004,0,
10,2,2004,0,
10,3,2004,0,
10,4,2004,0,
10,5,2004,0,
10,6,2004,0,
10,7,2004,0,
10,8,2004,0,
10,9,2004,0,
10,10,2004,0,
10,11,2004,0,
10,12,2004,0,
10,13,2004,0,
10,14,2004,0,
10,15,2004,0,
10,16,2004,0,
10,17,2004,0,
10,18,2004,0,
10,19,2004,0,
10,20,2004,0,
10,21,2004,0,
10,22,2004,0,
10,23,2004,0,
10,24,2004,0,
10,25,2004,0,
10,26,2004,0,
10,27,2004,0,
10,28,2004,0,
10,29,2004,0,
10,30,2004,0,
10,31,2004,0,
11,1,2004,0,
11,2,2004,0,
11,3,2004,0,
11,4,2004,0,
11,5,2004,0,
11,6,2004,0,
11,7,2004,0,
11,8,2004,0,
11,9,2004,0,
11,10,2004,0,
11,11,2004,0,
11,12,2004,0,
11,13,2004,0,
11,14,2004,0,
11,15,2004,0,
11,16,2004,0,
11,17,2004,0,
11,18,2004,0,
11,19,2004,0,
11,20,2004,0,
11,21,2004,0,
11,22,2004,0,
11,23,2004,0,
11,24,2004,0,
11,25,2004,0,
11,26,2004,0,
11,27,2004,12,
11,28,2004,11,
11,29,2004,12,
11,30,2004,6,
12,1,2004,4,
12,2,2004,5,
12,3,2004,4,
12,4,2004,0,
12,5,2004,0,
12,6,2004,0,
12,7,2004,20,
12,8,2004,21,
12,9,2004,25,
12,10,2004,60,
12,11,2004,72,
12,12,2004,69,
12,13,2004,30,
12,14,2004,41,
12,15,2004,39,
12,16,2004,42,
12,17,2004,42,
12,18,2004,36,
12,19,2004,34,
12,20,2004,35,
12,21,2004,6,
12,22,2004,3,
12,23,2004,2,
12,24,2004,27,
12,25,2004,23,
12,26,2004,21,
12,27,2004,16,
12,28,2004,15,
12,29,2004,15,
12,30,2004,17,
12,31,2004,93,
1,1,2005,45,
1,2,2005,62,
1,3,2005,59,
1,4,2005,71,
1,5,2005,69,
1,6,2005,68,
1,7,2005,65,
1,8,2005,63,
1,9,2005,62,
1,10,2005,85,
1,11,2005,122,
1,12,2005,118,
1,13,2005,164,
1,14,2005,156,
1,15,2005,150,
1,16,2005,145,
1,17,2005,143,
1,18,2005,139,
1,19,2005,170,
1,20,2005,166,
1,21,2005,163,
1,22,2005,258,
1,23,2005,246,
1,24,2005,234,
1,25,2005,220,
1,26,2005,207,
1,27,2005,147,
1,28,2005,143,
1,29,2005,148,
1,30,2005,147,
1,31,2005,146,
2,1,2005,146,
2,2,2005,166,
2,3,2005,146,
2,4,2005,142,
2,5,2005,139,
2,6,2005,83,
2,7,2005,82,
2,8,2005,82,
2,9,2005,72,
2,10,2005,72,
2,11,2005,70,
2,12,2005,66,
2,13,2005,68,
2,14,2005,66,
2,15,2005,67,
2,16,2005,67,
2,17,2005,66,
2,18,2005,65,
2,19,2005,64,
2,20,2005,67,
2,21,2005,119,
2,22,2005,119,
2,23,2005,119,
2,24,2005,128,
2,25,2005,128,
2,26,2005,129,
2,27,2005,126,
2,28,2005,129,
3,1,2005,128,
3,2,2005,127,
3,3,2005,125,
3,4,2005,122,
3,5,2005,92,
3,6,2005,23,
3,7,2005,0,
3,8,2005,0,
3,9,2005,0,
3,10,2005,0,
3,11,2005,0,
3,12,2005,0,
3,13,2005,0,
3,14,2005,0,
3,15,2005,0,
3,16,2005,0,
3,17,2005,0,
3,18,2005,0,
3,19,2005,0,
3,20,2005,0,
3,21,2005,0,
3,22,2005,0,
3,23,2005,0,
3,24,2005,0,
3,25,2005,0,
3,26,2005,0,
3,27,2005,0,
3,28,2005,0,
3,29,2005,0,
3,30,2005,0,
3,31,2005,0,
4,1,2005,0,
4,2,2005,0,
4,3,2005,0,
4,4,2005,0,
4,5,2005,0,
4,6,2005,0,
4,7,2005,0,
4,8,2005,0,
4,9,2005,0,
4,10,2005,0,
4,11,2005,0,
4,12,2005,0,
4,13,2005,0,
4,14,2005,0,
4,15,2005,0,
4,16,2005,0,
4,17,2005,0,
4,18,2005,0,
4,19,2005,0,
4,20,2005,0,
4,21,2005,0,
4,22,2005,0,
4,23,2005,0,
4,24,2005,0,
4,25,2005,0,
4,26,2005,0,
4,27,2005,0,
4,28,2005,0,
4,29,2005,0,
4,30,2005,0,
5,1,2005,0,
5,2,2005,0,
5,3,2005,0,
5,4,2005,0,
5,5,2005,0,
5,6,2005,0,
5,7,2005,0,
5,8,2005,0,
5,9,2005,0,
5,10,2005,0,
5,11,2005,0,
5,12,2005,0,
5,13,2005,0,
5,14,2005,0,
5,15,2005,0,
5,16,2005,0,
5,17,2005,0,
5,18,2005,0,
5,19,2005,0,
5,20,2005,0,
5,21,2005,0,
5,22,2005,0,
5,23,2005,0,
5,24,2005,0,
5,25,2005,0,
5,26,2005,0,
5,27,2005,0,
5,28,2005,0,
5,29,2005,0,
5,30,2005,0,
5,31,2005,0,
6,1,2005,0,
6,2,2005,0,
6,3,2005,0,
6,4,2005,0,
6,5,2005,0,
6,6,2005,0,
6,7,2005,0,
6,8,2005,0,
6,9,2005,0,
6,10,2005,0,
6,11,2005,0,
6,12,2005,0,
6,13,2005,0,
6,14,2005,0,
6,15,2005,0,
6,16,2005,0,
6,17,2005,0,
6,18,2005,0,
6,19,2005,0,
6,20,2005,0,
6,21,2005,0,
6,22,2005,0,
6,23,2005,0,
6,24,2005,0,
6,25,2005,0,e
6,26,2005,0,
6,27,2005,0,
6,28,2005,0,
6,29,2005,0,
6,30,2005,0,
7,1,2005,0,
7,2,2005,0,
7,3,2005,0,
7,4,2005,0,
7,5,2005,0,
7,6,2005,0,
7,7,2005,0,
7,8,2005,0,
7,9,2005,0,
7,10,2005,0,
7,11,2005,0,
7,12,2005,0,
7,13,2005,0,
7,14,2005,0,
7,15,2005,0,
7,16,2005,0,
7,17,2005,0,
7,18,2005,0,
7,19,2005,0,
7,20,2005,0,
7,21,2005,0,
7,22,2005,0,
7,23,2005,0,
7,24,2005,0,
7,25,2005,0,
7,26,2005,0,
7,27,2005,0,
7,28,2005,0,
7,29,2005,0,
7,30,2005,0,
7,31,2005,0,
8,1,2005,0,e
8,2,2005,0,e
8,3,2005,0,
8,4,2005,0,
8,5,2005,0,
8,6,2005,0,
8,7,2005,0,
8,8,2005,0,
8,9,2005,0,
8,10,2005,0,
8,11,2005,0,
8,12,2005,0,
8,13,2005,0,
8,14,2005,0,
8,15,2005,0,
8,16,2005,0,
8,17,2005,0,
8,18,2005,0,
8,19,2005,0,
8,20,2005,0,
8,21,2005,0,
8,22,2005,0,
8,23,2005,0,
8,24,2005,0,
8,25,2005,0,
8,26,2005,0,
8,27,2005,0,
8,28,2005,0,
8,29,2005,0,
8,30,2005,0,
8,31,2005,0,
9,1,2005,0,
9,2,2005,0,
9,3,2005,0,
9,4,2005,0,
9,5,2005,0,
9,6,2005,0,
9,7,2005,0,
9,8,2005,0,
9,9,2005,0,
9,10,2005,0,
9,11,2005,0,
9,12,2005,0,
9,13,2005,0,
9,14,2005,0,
9,15,2005,0,
9,16,2005,0,
9,17,2005,0,
9,18,2005,0,
9,19,2005,0,
9,20,2005,0,
9,21,2005,0,
9,22,2005,0,
9,23,2005,0,
9,24,2005,0,
9,25,2005,0,
9,26,2005,0,
9,27,2005,0,
9,28,2005,0,
9,29,2005,0,
9,30,2005,0,
10,1,2005,0,
10,2,2005,0,
10,3,2005,0,
10,4,2005,0,
10,5,2005,0,
10,6,2005,0,
10,7,2005,0,
10,8,2005,0,
10,9,2005,0,
10,10,2005,0,
10,11,2005,0,
10,12,2005,0,
10,13,2005,0,
10,14,2005,0,
10,15,2005,0,
10,16,2005,0,
10,17,2005,0,
10,18,2005,0,
10,19,2005,0,
10,20,2005,0,
10,21,2005,0,
10,22,2005,0,
10,23,2005,0,
10,24,2005,0,
10,25,2005,0,
10,26,2005,0,
10,27,2005,0,
10,28,2005,0,
10,29,2005,0,
10,30,2005,0,
10,31,2005,0,
11,1,2005,0,
11,2,2005,0,
11,3,2005,0,
11,4,2005,0,
11,5,2005,0,
11,6,2005,0,
11,7,2005,0,
11,8,2005,0,
11,9,2005,0,
11,10,2005,0,
11,11,2005,0,
11,12,2005,0,
11,13,2005,0,
11,14,2005,0,
11,15,2005,0,
11,16,2005,28,
11,17,2005,25,
11,18,2005,23,
11,19,2005,8,
11,20,2005,0,
11,21,2005,0,
11,22,2005,0,
11,23,2005,0,
11,24,2005,0,
11,25,2005,0,
11,26,2005,17,
11,27,2005,14,
11,28,2005,106,
11,29,2005,324,
11,30,2005,293,
12,1,2005,280,
12,2,2005,273,
12,3,2005,266,
12,4,2005,284,
12,5,2005,294,
12,6,2005,292,
12,7,2005,299,
12,8,2005,295,
12,9,2005,289,
12,10,2005,283,
12,11,2005,279,
12,12,2005,306,
12,13,2005,300,
12,14,2005,293,
12,15,2005,321,
12,16,2005,374,
12,17,2005,383,
12,18,2005,382,
12,19,2005,375,
12,20,2005,367,
12,21,2005,362,
12,22,2005,356,
12,23,2005,352,
12,24,2005,349,
12,25,2005,349,
12,26,2005,347,
12,27,2005,345,
12,28,2005,345,
12,29,2005,344,
12,30,2005,378,
12,31,2005,456,
1,1,2006,447,
1,2,2006,439,
1,3,2006,434,
1,4,2006,430,
1,5,2006,428,
1,6,2006,424,
1,7,2006,419,
1,8,2006,415,
1,9,2006,464,
1,10,2006,457,
1,11,2006,450,
1,12,2006,444,
1,13,2006,439,
1,14,2006,434,
1,15,2006,428,
1,16,2006,424,
1,17,2006,426,
1,18,2006,423,
1,19,2006,421,
1,20,2006,427,
1,21,2006,425,
1,22,2006,424,
1,23,2006,422,
1,24,2006,392,
1,25,2006,387,
1,26,2006,384,
1,27,2006,327,
1,28,2006,318,
1,29,2006,323,
1,30,2006,362,
1,31,2006,363,
2,1,2006,411,
2,2,2006,408,
2,3,2006,420,
2,4,2006,417,
2,5,2006,415,
2,6,2006,413,
2,7,2006,412,
2,8,2006,417,
2,9,2006,414,
2,10,2006,412,
2,11,2006,212,
2,12,2006,212,
2,13,2006,211,
2,14,2006,210,
2,15,2006,207,
2,16,2006,205,
2,17,2006,207,
2,18,2006,205,
2,19,2006,202,
2,20,2006,200,
2,21,2006,199,
2,22,2006,230,
2,23,2006,228,
2,24,2006,226,
2,25,2006,230,
2,26,2006,228,
2,27,2006,226,
2,28,2006,300,
3,1,2006,297,
3,2,2006,307,
3,3,2006,0,
3,4,2006,316,
3,5,2006,306,
3,6,2006,276,
3,7,2006,277,
3,8,2006,225,
3,9,2006,211,
3,10,2006,201,
3,11,2006,174,
3,12,2006,169,
3,13,2006,168,
3,14,2006,168,
3,15,2006,168,
3,16,2006,167,
3,17,2006,166,
3,18,2006,166,
3,19,2006,163,
3,20,2006,161,
3,21,2006,157,
3,22,2006,155,
3,23,2006,155,
3,24,2006,154,
3,25,2006,155,
3,26,2006,132,
3,27,2006,105,
3,28,2006,76,
3,29,2006,42,
3,30,2006,0,
3,31,2006,0,
4,1,2006,0,
4,2,2006,0,
4,3,2006,0,
4,4,2006,0,
4,5,2006,0,
4,6,2006,0,
4,7,2006,0,
4,8,2006,0,
4,9,2006,0,
4,10,2006,0,
4,11,2006,0,
4,12,2006,0,
4,13,2006,0,
4,14,2006,0,
4,15,2006,0,
4,16,2006,0,
4,17,2006,0,
4,18,2006,0,
4,19,2006,0,
4,20,2006,0,
4,21,2006,0,
4,22,2006,0,
4,23,2006,0,
4,24,2006,0,
4,25,2006,0,
4,26,2006,0,
4,27,2006,0,
4,28,2006,0,
4,29,2006,0,
4,30,2006,0,
5,1,2006,0,
5,2,2006,0,
5,3,2006,0,
5,4,2006,0,
5,5,2006,0,
5,6,2006,0,
5,7,2006,0,
5,8,2006,0,
5,9,2006,0,
5,10,2006,0,
5,11,2006,0,
5,12,2006,0,
5,13,2006,0,
5,14,2006,0,
5,15,2006,0,
5,16,2006,0,
5,17,2006,0,
5,18,2006,0,
5,19,2006,0,
5,20,2006,0,
5,21,2006,0,
5,22,2006,0,
5,23,2006,0,
5,24,2006,0,
5,25,2006,0,
5,26,2006,0,
5,27,2006,0,
5,28,2006,0,
5,29,2006,0,
5,30,2006,0,
5,31,2006,0,
6,1,2006,0,
6,2,2006,0,
6,3,2006,0,
6,4,2006,0,
6,5,2006,0,
6,6,2006,0,
6,7,2006,0,
6,8,2006,0,
6,9,2006,0,
6,10,2006,0,
6,11,2006,0,
6,12,2006,0,
6,13,2006,0,
6,14,2006,0,
6,15,2006,0,
6,16,2006,0,
6,17,2006,0,
6,18,2006,0,
6,19,2006,0,
6,20,2006,0,
6,21,2006,0,
6,22,2006,0,
6,23,2006,0,
6,24,2006,0,
6,25,2006,0,
6,26,2006,0,
6,27,2006,0,
6,28,2006,0,
6,29,2006,0,
6,30,2006,0,
7,1,2006,0,
7,2,2006,0,
7,3,2006,0,
7,4,2006,0,
7,5,2006,0,
7,6,2006,0,
7,7,2006,0,
7,8,2006,0,
7,9,2006,0,
7,10,2006,0,
7,11,2006,0,
7,12,2006,0,
7,13,2006,0,
7,14,2006,0,
7,15,2006,0,
7,16,2006,0,
7,17,2006,0,
7,18,2006,0,
7,19,2006,0,
7,20,2006,0,
7,21,2006,0,
7,22,2006,0,
7,23,2006,0,
7,24,2006,0,
7,25,2006,0,
7,26,2006,0,
7,27,2006,0,
7,28,2006,0,
7,29,2006,0,
7,30,2006,0,
7,31,2006,0,
8,1,2006,0,
8,2,2006,0,
8,3,2006,0,
8,4,2006,0,
8,5,2006,0,
8,6,2006,0,
8,7,2006,0,
8,8,2006,0,
8,9,2006,0,
8,10,2006,0,
8,11,2006,0,
8,12,2006,0,
8,13,2006,0,
8,14,2006,0,
8,15,2006,0,
8,16,2006,0,
8,17,2006,0,
8,18,2006,0,
8,19,2006,0,
8,20,2006,0,
8,21,2006,0,
8,22,2006,0,
8,23,2006,0,
8,24,2006,0,
8,25,2006,0,
8,26,2006,0,e
8,27,2006,0,e
8,28,2006,0,
8,29,2006,0,
8,30,2006,0,
8,31,2006,0,
9,1,2006,0,
9,2,2006,0,
9,3,2006,0,
9,4,2006,0,
9,5,2006,0,
9,6,2006,0,
9,7,2006,0,
9,8,2006,0,e
9,9,2006,0,
9,10,2006,0,
9,11,2006,0,
9,12,2006,0,
9,13,2006,0,
9,14,2006,0,
9,15,2006,0,
9,16,2006,0,
9,17,2006,0,
9,18,2006,0,
9,19,2006,0,
9,20,2006,0,
9,21,2006,0,
9,22,2006,0,
9,23,2006,0,
9,24,2006,0,
9,25,2006,0,
9,26,2006,0,
9,27,2006,0,
9,28,2006,0,
9,29,2006,0,
9,30,2006,0,e
10,1,2006,0,e
10,2,2006,0,
10,3,2006,0,
10,4,2006,0,
10,5,2006,0,
10,6,2006,0,
10,7,2006,0,
10,8,2006,0,
10,9,2006,0,
10,10,2006,0,
10,11,2006,0,
10,12,2006,5,
10,13,2006,0,
10,14,2006,0,
10,15,2006,0,
10,16,2006,0,
10,17,2006,0,
10,18,2006,0,
10,19,2006,0,
10,20,2006,0,
10,21,2006,0,
10,22,2006,0,
10,23,2006,0,
10,24,2006,0,
10,25,2006,0,
10,26,2006,0,
10,27,2006,0,
10,28,2006,0,
10,29,2006,0,
10,30,2006,0,
10,31,2006,5,
11,1,2006,0,
11,2,2006,0,
11,3,2006,0,
11,4,2006,0,
11,5,2006,0,
11,6,2006,0,
11,7,2006,0,
11,8,2006,0,
11,9,2006,0,
11,10,2006,0,
11,11,2006,0,
11,12,2006,0,
11,13,2006,0,
11,14,2006,0,
11,15,2006,0,
11,16,2006,3,
11,17,2006,2,
11,18,2006,0,
11,19,2006,0,
11,20,2006,0,
11,21,2006,0,
11,22,2006,0,
11,23,2006,0,
11,24,2006,0,
11,25,2006,0,
11,26,2006,0,
11,27,2006,0,
11,28,2006,0,
11,29,2006,0,
11,30,2006,0,
12,1,2006,0,
12,2,2006,4,
12,3,2006,11,
12,4,2006,11,
12,5,2006,10,
12,6,2006,7,
12,7,2006,7,
12,8,2006,5,
12,9,2006,2,
12,10,2006,0,
12,11,2006,0,
12,12,2006,0,
12,13,2006,0,
12,14,2006,0,
12,15,2006,0,
12,16,2006,0,
12,17,2006,0,
12,18,2006,0,
12,19,2006,0,
12,20,2006,0,
12,21,2006,0,
12,22,2006,0,
12,23,2006,0,
12,24,2006,0,
12,25,2006,0,
12,26,2006,0,
12,27,2006,0,
12,28,2006,0,
12,29,2006,0,
12,30,2006,22,
12,31,2006,55,
1,1,2007,82,
1,2,2007,82,
1,3,2007,80,
1,4,2007,50,
1,5,2007,53,
1,6,2007,53,
1,7,2007,53,
1,8,2007,65,
1,9,2007,66,
1,10,2007,65,
1,11,2007,62,
1,12,2007,62,
1,13,2007,62,
1,14,2007,61,
1,15,2007,60,
1,16,2007,59,
1,17,2007,57,
1,18,2007,55,
1,19,2007,55,
1,20,2007,55,
1,21,2007,52,
1,22,2007,53,
1,23,2007,53,
1,24,2007,53,
1,25,2007,53,
1,26,2007,53,
1,27,2007,50,
1,28,2007,53,
1,29,2007,54,
1,30,2007,57,
1,31,2007,55,
2,1,2007,56,
2,2,2007,64,
2,3,2007,65,
2,4,2007,64,
2,5,2007,64,
2,6,2007,63,
2,7,2007,102,
2,8,2007,100,
2,9,2007,98,
2,10,2007,96,
2,11,2007,94,
2,12,2007,91,
2,13,2007,89,
2,14,2007,87,e
2,15,2007,86,
2,16,2007,85,
2,17,2007,82,
2,18,2007,81,
2,19,2007,81,
2,20,2007,81,
2,21,2007,81,
2,22,2007,18,
2,23,2007,17,
2,24,2007,26,
2,25,2007,106,
2,26,2007,172,
2,27,2007,177,
2,28,2007,118,
3,1,2007,235,
3,2,2007,355,
3,3,2007,372,
3,4,2007,351,
3,5,2007,334,
3,6,2007,323,
3,7,2007,313,
3,8,2007,306,
3,9,2007,299,
3,10,2007,191,
3,11,2007,157,
3,12,2007,72,
3,13,2007,0,
3,14,2007,0,
3,15,2007,0,
3,16,2007,25,
3,17,2007,23,
3,18,2007,21,
3,19,2007,0,
3,20,2007,0,
3,21,2007,0,
3,22,2007,0,
3,23,2007,0,
3,24,2007,0,
3,25,2007,0,
3,26,2007,0,e
3,27,2007,0,
3,28,2007,0,
3,29,2007,0,
3,30,2007,0,
3,31,2007,0,
4,1,2007,0,
4,2,2007,0,
4,3,2007,0,
4,4,2007,111,
4,5,2007,97,
4,6,2007,87,
4,7,2007,77,
4,8,2007,67,
4,9,2007,63,
4,10,2007,59,
4,11,2007,0,
4,12,2007,0,
4,13,2007,0,
4,14,2007,0,
4,15,2007,0,
4,16,2007,0,
4,17,2007,0,
4,18,2007,0,
4,19,2007,0,
4,20,2007,0,
4,21,2007,0,
4,22,2007,0,
4,23,2007,0,
4,24,2007,0,
4,25,2007,0,
4,26,2007,0,
4,27,2007,0,
4,28,2007,0,
4,29,2007,0,
4,30,2007,0,
5,1,2007,0,
5,2,2007,0,
5,3,2007,0,
5,4,2007,0,
5,5,2007,0,
5,6,2007,0,
5,7,2007,0,
5,8,2007,0,
5,9,2007,0,
5,10,2007,0,
5,11,2007,0,
5,12,2007,0,
5,13,2007,0,
5,14,2007,0,
5,15,2007,0,
5,16,2007,0,
5,17,2007,0,
5,18,2007,0,
5,19,2007,0,
5,20,2007,0,
5,21,2007,0,
5,22,2007,0,
5,23,2007,0,
5,24,2007,0,
5,25,2007,0,
5,26,2007,0,
5,27,2007,0,
5,28,2007,0,
5,29,2007,0,
5,30,2007,0,
5,31,2007,0,
6,1,2007,0,
6,2,2007,0,
6,3,2007,0,
6,4,2007,0,
6,5,2007,0,
6,6,2007,0,
6,7,2007,0,
6,8,2007,0,
6,9,2007,0,
6,10,2007,0,
6,11,2007,0,
6,12,2007,0,
6,13,2007,0,
6,14,2007,0,
6,15,2007,0,
6,16,2007,0,
6,17,2007,0,
6,18,2007,0,
6,19,2007,0,
6,20,2007,0,
6,21,2007,0,
6,22,2007,0,
6,23,2007,0,
6,24,2007,0,
6,25,2007,0,
6,26,2007,0,
6,27,2007,0,
6,28,2007,0,
6,29,2007,0,
6,30,2007,0,
7,1,2007,0,
7,2,2007,0,
7,3,2007,0,
7,4,2007,0,
7,5,2007,0,
7,6,2007,0,
7,7,2007,0,
7,8,2007,0,
7,9,2007,0,
7,10,2007,0,
7,11,2007,0,
7,12,2007,0,
7,13,2007,0,
7,14,2007,0,
7,15,2007,0,
7,16,2007,0,
7,17,2007,0,
7,18,2007,0,
7,19,2007,0,
7,20,2007,0,
7,21,2007,0,
7,22,2007,0,
7,23,2007,0,
7,24,2007,0,
7,25,2007,0,
7,26,2007,0,
7,27,2007,0,
7,28,2007,0,
7,29,2007,0,
7,30,2007,0,
7,31,2007,0,
8,1,2007,0,
8,2,2007,0,
8,3,2007,0,
8,4,2007,0,
8,5,2007,0,
8,6,2007,0,
8,7,2007,0,
8,8,2007,0,
8,9,2007,0,
8,10,2007,0,
8,11,2007,0,
8,12,2007,0,
8,13,2007,0,
8,14,2007,0,
8,15,2007,0,
8,16,2007,0,
8,17,2007,0,
8,18,2007,0,
8,19,2007,0,
8,20,2007,0,
8,21,2007,0,
8,22,2007,0,
8,23,2007,0,
8,24,2007,0,
8,25,2007,0,
8,26,2007,0,
8,27,2007,0,
8,28,2007,0,
8,29,2007,0,
8,30,2007,0,
8,31,2007,0,
9,1,2007,0,
9,2,2007,0,
9,3,2007,0,
9,4,2007,0,
9,5,2007,0,
9,6,2007,0,
9,7,2007,0,
9,8,2007,0,
9,9,2007,0,
9,10,2007,0,
9,11,2007,0,
9,12,2007,0,
9,13,2007,0,
9,14,2007,0,
9,15,2007,0,
9,16,2007,0,
9,17,2007,0,
9,18,2007,0,
9,19,2007,0,
9,20,2007,0,
9,21,2007,0,
9,22,2007,0,
9,23,2007,0,
9,24,2007,0,
9,25,2007,0,
9,26,2007,0,
9,27,2007,0,
9,28,2007,0,
9,29,2007,0,
9,30,2007,0,
10,1,2007,0,
10,2,2007,0,
10,3,2007,0,
10,4,2007,0,
10,5,2007,0,
10,6,2007,0,
10,7,2007,0,
10,8,2007,0,
10,9,2007,0,
10,10,2007,0,
10,11,2007,0,
10,12,2007,0,
10,13,2007,0,
10,14,2007,0,
10,15,2007,0,
10,16,2007,0,
10,17,2007,0,
10,18,2007,0,
10,19,2007,0,
10,20,2007,0,
10,21,2007,0,
10,22,2007,0,
10,23,2007,0,
10,24,2007,0,
10,25,2007,0,
10,26,2007,0,
10,27,2007,0,
10,28,2007,0,
10,29,2007,0,
10,30,2007,0,
10,31,2007,0,
11,1,2007,0,
11,2,2007,0,
11,3,2007,0,
11,4,2007,0,
11,5,2007,0,
11,6,2007,0,
11,7,2007,0,
11,8,2007,0,
11,9,2007,0,
11,10,2007,0,
11,11,2007,0,
11,12,2007,0,
11,13,2007,0,
11,14,2007,0,
11,15,2007,0,
11,16,2007,0,
11,17,2007,0,
11,18,2007,2,
11,19,2007,0,
11,20,2007,0,
11,21,2007,0,
11,22,2007,0,
11,23,2007,0,
11,24,2007,0,
11,25,2007,0,
11,26,2007,0,
11,27,2007,17,
11,28,2007,14,
11,29,2007,13,
11,30,2007,11,
12,1,2007,8,
12,2,2007,170,
12,3,2007,160,
12,4,2007,168,
12,5,2007,191,
12,6,2007,183,
12,7,2007,209,
12,8,2007,200,
12,9,2007,195,
12,10,2007,190,
12,11,2007,270,
12,12,2007,263,
12,13,2007,257,
12,14,2007,250,
12,15,2007,246,
12,16,2007,245,
12,17,2007,243,
12,18,2007,240,
12,19,2007,238,
12,20,2007,235,
12,21,2007,232,
12,22,2007,232,
12,23,2007,266,
12,24,2007,263,
12,25,2007,260,
12,26,2007,262,
12,27,2007,264,
12,28,2007,262,
12,29,2007,264,
12,30,2007,263,
12,31,2007,267,
1,1,2008,268,
1,2,2008,265,
1,3,2008,262,
1,4,2008,258,
1,5,2008,256,
1,6,2008,251,
1,7,2008,248,
1,8,2008,247,
1,9,2008,245,
1,10,2008,172,
1,11,2008,177,
1,12,2008,181,
1,13,2008,183,
1,14,2008,185,
1,15,2008,184,
1,16,2008,184,
1,17,2008,192,
1,18,2008,192,
1,19,2008,189,
1,20,2008,188,
1,21,2008,186,
1,22,2008,187,
1,23,2008,186,
1,24,2008,184,
1,25,2008,182,
1,26,2008,181,
1,27,2008,180,
1,28,2008,177,
1,29,2008,179,
1,30,2008,188,
1,31,2008,187,
2,1,2008,184,
2,2,2008,182,
2,3,2008,183,
2,4,2008,182,
2,5,2008,205,
2,6,2008,212,
2,7,2008,209,
2,8,2008,208,
2,9,2008,208,
2,10,2008,232,
2,11,2008,229,
2,12,2008,231,
2,13,2008,236,
2,14,2008,278,
2,15,2008,275,
2,16,2008,271,
2,17,2008,267,
2,18,2008,276,
2,19,2008,273,
2,20,2008,270,
2,21,2008,268,
2,22,2008,264,
2,23,2008,263,
2,24,2008,261,
2,25,2008,261,
2,26,2008,258,
2,27,2008,260,
2,28,2008,259,
2,29,2008,295,
3,1,2008,290,
3,2,2008,281,
3,3,2008,291,
3,4,2008,287,
3,5,2008,284,
3,6,2008,282,
3,7,2008,279,
3,8,2008,273,
3,9,2008,314,
3,10,2008,313,
3,11,2008,306,
3,12,2008,300,
3,13,2008,200,e
3,14,2008,140,
3,15,2008,142,
3,16,2008,142,
3,17,2008,142,
3,18,2008,122,
3,19,2008,89,
3,20,2008,80,
3,21,2008,90,
3,22,2008,177,
3,23,2008,185,
3,24,2008,184,
3,25,2008,177,
3,26,2008,162,
3,27,2008,161,
3,28,2008,161,
3,29,2008,149,
3,30,2008,43,
3,31,2008,0,
4,1,2008,0,
4,2,2008,0,
4,3,2008,0,
4,4,2008,0,
4,5,2008,0,
4,6,2008,0,
4,7,2008,82,
4,8,2008,19,
4,9,2008,0,
4,10,2008,0,
4,11,2008,0,
4,12,2008,35,
4,13,2008,0,
4,14,2008,0,
4,15,2008,0,
4,16,2008,0,
4,17,2008,0,
4,18,2008,0,
4,19,2008,0,
4,20,2008,0,
4,21,2008,0,
4,22,2008,0,
4,23,2008,0,
4,24,2008,0,
4,25,2008,0,
4,26,2008,102,
4,27,2008,128,
4,28,2008,102,
4,29,2008,73,
4,30,2008,0,
5,1,2008,0,
5,2,2008,0,
5,3,2008,0,
5,4,2008,0,
5,5,2008,0,
5,6,2008,0,
5,7,2008,0,
5,8,2008,0,
5,9,2008,0,
5,10,2008,0,
5,11,2008,0,
5,12,2008,0,
5,13,2008,0,
5,14,2008,0,
5,15,2008,0,
5,16,2008,0,
5,17,2008,0,
5,18,2008,0,
5,19,2008,0,
5,20,2008,0,
5,21,2008,0,
5,22,2008,0,
5,23,2008,0,
5,24,2008,0,
5,25,2008,0,
5,26,2008,0,
5,27,2008,0,
5,28,2008,0,
5,29,2008,0,
5,30,2008,0,
5,31,2008,0,
6,1,2008,0,
6,2,2008,0,
6,3,2008,0,
6,4,2008,0,
6,5,2008,0,
6,6,2008,0,
6,7,2008,0,
6,8,2008,0,
6,9,2008,0,
6,10,2008,0,
6,11,2008,0,
6,12,2008,0,
6,13,2008,0,e
6,14,2008,0,
6,15,2008,0,
6,16,2008,0,
6,17,2008,0,
6,18,2008,0,e
6,19,2008,0,
6,20,2008,0,
6,21,2008,0,
6,22,2008,0,
6,23,2008,0,
6,24,2008,0,
6,25,2008,0,
6,26,2008,0,
6,27,2008,0,
6,28,2008,0,
6,29,2008,0,
6,30,2008,0,
7,1,2008,0,
7,2,2008,0,
7,3,2008,0,
7,4,2008,0,
7,5,2008,0,
7,6,2008,0,
7,7,2008,0,
7,8,2008,0,
7,9,2008,0,
7,10,2008,0,
7,11,2008,0,
7,12,2008,0,
7,13,2008,0,
7,14,2008,0,
7,15,2008,0,
7,16,2008,0,
7,17,2008,0,
7,18,2008,0,
7,19,2008,0,
7,20,2008,0,
7,21,2008,0,
7,22,2008,0,
7,23,2008,0,
7,24,2008,0,
7,25,2008,0,
7,26,2008,0,
7,27,2008,0,
7,28,2008,0,
7,29,2008,0,
7,30,2008,0,
7,31,2008,0,
8,1,2008,0,
8,2,2008,0,
8,3,2008,0,
8,4,2008,0,
8,5,2008,0,
8,6,2008,0,
8,7,2008,0,
8,8,2008,0,
8,9,2008,0,
8,10,2008,0,
8,11,2008,0,
8,12,2008,0,
8,13,2008,0,
8,14,2008,0,
8,15,2008,0,
8,16,2008,0,
8,17,2008,0,
8,18,2008,0,
8,19,2008,0,
8,20,2008,0,
8,21,2008,0,
8,22,2008,0,
8,23,2008,0,
8,24,2008,0,
8,25,2008,0,
8,26,2008,0,
8,27,2008,0,
8,28,2008,0,
8,29,2008,0,
8,30,2008,0,
8,31,2008,0,
9,1,2008,0,
9,2,2008,0,
9,3,2008,0,
9,4,2008,0,
9,5,2008,0,
9,6,2008,0,
9,7,2008,0,
9,8,2008,0,
9,9,2008,0,
9,10,2008,0,
9,11,2008,0,
9,12,2008,0,
9,13,2008,0,
9,14,2008,0,
9,15,2008,0,
9,16,2008,0,
9,17,2008,0,
9,18,2008,0,
9,19,2008,0,
9,20,2008,0,
9,21,2008,0,
9,22,2008,0,
9,23,2008,0,
9,24,2008,0,
9,25,2008,0,
9,26,2008,0,
9,27,2008,0,
9,28,2008,0,
9,29,2008,0,
9,30,2008,0,
10,1,2008,0,
10,2,2008,0,
10,3,2008,0,
10,4,2008,0,
10,5,2008,0,
10,6,2008,0,
10,7,2008,0,
10,8,2008,0,
10,9,2008,0,
10,10,2008,0,
10,11,2008,0,
10,12,2008,0,
10,13,2008,0,
10,14,2008,0,
10,15,2008,0,
10,16,2008,0,
10,17,2008,0,
10,18,2008,0,
10,19,2008,0,
10,20,2008,0,
10,21,2008,0,
10,22,2008,0,
10,23,2008,0,
10,24,2008,0,
10,25,2008,0,
10,26,2008,0,
10,27,2008,0,
10,28,2008,0,
10,29,2008,0,
10,30,2008,0,
10,31,2008,0,
11,1,2008,0,
11,2,2008,0,
11,3,2008,0,
11,4,2008,0,
11,5,2008,0,
11,6,2008,0,
11,7,2008,0,
11,8,2008,4,
11,9,2008,10,
11,10,2008,8,
11,11,2008,9,
11,12,2008,15,
11,13,2008,19,
11,14,2008,0,
11,15,2008,0,
11,16,2008,0,
11,17,2008,1,
11,18,2008,0,
11,19,2008,0,
11,20,2008,0,
11,21,2008,0,
11,22,2008,0,
11,23,2008,0,
11,24,2008,0,
11,25,2008,0,
11,26,2008,0,
11,27,2008,0,
11,28,2008,0,
11,29,2008,0,
11,30,2008,0,
12,1,2008,6,
12,2,2008,7,
12,3,2008,0,
12,4,2008,5,
12,5,2008,5,
12,6,2008,10,
12,7,2008,9,
12,8,2008,18,
12,9,2008,43,
12,10,2008,41,
12,11,2008,80,
12,12,2008,76,
12,13,2008,72,
12,14,2008,81,
12,15,2008,245,
12,16,2008,230,
12,17,2008,229,
12,18,2008,219,
12,19,2008,211,
12,20,2008,214,
12,21,2008,302,
12,22,2008,291,
12,23,2008,299,
12,24,2008,361,
12,25,2008,348,
12,26,2008,334,
12,27,2008,328,
12,28,2008,327,
12,29,2008,321,
12,30,2008,247,
12,31,2008,353,
1,1,2009,342,
1,2,2009,332,
1,3,2009,338,
1,4,2009,427,
1,5,2009,413,
1,6,2009,402,
1,7,2009,400,
1,8,2009,396,
1,9,2009,389,
1,10,2009,419,
1,11,2009,412,
1,12,2009,404,
1,13,2009,468,
1,14,2009,495,
1,15,2009,483,
1,16,2009,474,
1,17,2009,465,
1,18,2009,460,
1,19,2009,450,
1,20,2009,443,
1,21,2009,437,
1,22,2009,431,
1,23,2009,428,
1,24,2009,423,
1,25,2009,419,
1,26,2009,414,
1,27,2009,410,
1,28,2009,407,
1,29,2009,418,
1,30,2009,416,
1,31,2009,415,
2,1,2009,369,
2,2,2009,364,
2,3,2009,362,
2,4,2009,360,
2,5,2009,358,
2,6,2009,357,
2,7,2009,356,
2,8,2009,355,
2,9,2009,354,
2,10,2009,280,
2,11,2009,255,
2,12,2009,277,
2,13,2009,285,
2,14,2009,283,
2,15,2009,283,
2,16,2009,287,
2,17,2009,289,
2,18,2009,305,
2,19,2009,306,
2,20,2009,305,
2,21,2009,363,
2,22,2009,360,
2,23,2009,358,
2,24,2009,354,
2,25,2009,375,
2,26,2009,371,
2,27,2009,507,
2,28,2009,499,
3,1,2009,492,
3,2,2009,487,
3,3,2009,478,
3,4,2009,468,
3,5,2009,463,
3,6,2009,461,
3,7,2009,457,
3,8,2009,454,
3,9,2009,452,
3,10,2009,548,
3,11,2009,652,
3,12,2009,640,
3,13,2009,627,
3,14,2009,612,
3,15,2009,581,
3,16,2009,281,
3,17,2009,222,
3,18,2009,185,
3,19,2009,183,
3,20,2009,181,
3,21,2009,118,
3,22,2009,51,
3,23,2009,0,
3,24,2009,0,
3,25,2009,78,
3,26,2009,198,
3,27,2009,191,
3,28,2009,180,
3,29,2009,173,
3,30,2009,167,
3,31,2009,267,
4,1,2009,433,
4,2,2009,404,
4,3,2009,384,
4,4,2009,369,
4,5,2009,351,
4,6,2009,337,
4,7,2009,323,
4,8,2009,315,
4,9,2009,186,
4,10,2009,143,
4,11,2009,117,
4,12,2009,0,
4,13,2009,0,
4,14,2009,0,
4,15,2009,0,
4,16,2009,0,
4,17,2009,0,
4,18,2009,0,
4,19,2009,0,
4,20,2009,0,
4,21,2009,0,
4,22,2009,0,
4,23,2009,0,
4,24,2009,0,
4,25,2009,0,
4,26,2009,0,
4,27,2009,0,
4,28,2009,0,
4,29,2009,0,
4,30,2009,0,
5,1,2009,0,
5,2,2009,0,
5,3,2009,0,
5,4,2009,0,
5,5,2009,0,
5,6,2009,0,
5,7,2009,0,
5,8,2009,0,
5,9,2009,0,
5,10,2009,0,
5,11,2009,0,
5,12,2009,0,
5,13,2009,0,
5,14,2009,0,
5,15,2009,0,
5,16,2009,0,
5,17,2009,0,
5,18,2009,0,
5,19,2009,0,
5,20,2009,0,
5,21,2009,0,
5,22,2009,0,
5,23,2009,0,
5,24,2009,0,
5,25,2009,0,
5,26,2009,0,
5,27,2009,0,
5,28,2009,0,
5,29,2009,0,
5,30,2009,0,
5,31,2009,0,
6,1,2009,0,
6,2,2009,0,
6,3,2009,0,
6,4,2009,0,
6,5,2009,0,
6,6,2009,0,
6,7,2009,0,
6,8,2009,0,
6,9,2009,0,
6,10,2009,0,
6,11,2009,0,
6,12,2009,0,
6,13,2009,0,
6,14,2009,0,
6,15,2009,0,
6,16,2009,0,
6,17,2009,0,
6,18,2009,0,
6,19,2009,0,
6,20,2009,0,
6,21,2009,0,
6,22,2009,0,
6,23,2009,0,
6,24,2009,0,
6,25,2009,0,
6,26,2009,0,
6,27,2009,0,
6,28,2009,0,
6,29,2009,0,
6,30,2009,0,
7,1,2009,0,
7,2,2009,0,
7,3,2009,0,
7,4,2009,0,
7,5,2009,0,
7,6,2009,0,
7,7,2009,0,
7,8,2009,0,
7,9,2009,0,
7,10,2009,0,
7,11,2009,0,
7,12,2009,0,
7,13,2009,0,
7,14,2009,0,
7,15,2009,0,
7,16,2009,0,
7,17,2009,0,
7,18,2009,0,
7,19,2009,0,
7,20,2009,0,
7,21,2009,0,
7,22,2009,0,
7,23,2009,0,
7,24,2009,0,
7,25,2009,0,
7,26,2009,0,
7,27,2009,0,
7,28,2009,0,
7,29,2009,0,
7,30,2009,0,
7,31,2009,0,
8,1,2009,0,
8,2,2009,0,
8,3,2009,0,
8,4,2009,0,
8,5,2009,0,
8,6,2009,0,
8,7,2009,0,
8,8,2009,0,
8,9,2009,0,
8,10,2009,0,
8,11,2009,0,
8,12,2009,0,
8,13,2009,0,
8,14,2009,0,
8,15,2009,0,
8,16,2009,0,
8,17,2009,0,
8,18,2009,0,
8,19,2009,0,
8,20,2009,0,e
8,21,2009,0,
8,22,2009,0,
8,23,2009,0,
8,24,2009,0,
8,25,2009,0,
8,26,2009,0,
8,27,2009,0,
8,28,2009,0,
8,29,2009,0,
8,30,2009,0,
8,31,2009,0,
9,1,2009,0,
9,2,2009,0,
9,3,2009,0,
9,4,2009,0,
9,5,2009,0,
9,6,2009,0,
9,7,2009,0,
9,8,2009,0,
9,9,2009,0,
9,10,2009,0,
9,11,2009,0,
9,12,2009,0,
9,13,2009,0,
9,14,2009,0,
9,15,2009,0,
9,16,2009,0,
9,17,2009,0,
9,18,2009,0,
9,19,2009,0,
9,20,2009,0,
9,21,2009,0,
9,22,2009,0,
9,23,2009,0,
9,24,2009,0,
9,25,2009,0,
9,26,2009,0,
9,27,2009,0,
9,28,2009,0,
9,29,2009,0,
9,30,2009,0,
10,1,2009,0,
10,2,2009,0,
10,3,2009,0,
10,4,2009,0,
10,5,2009,0,
10,6,2009,0,
10,7,2009,0,
10,8,2009,0,
10,9,2009,0,
10,10,2009,0,
10,11,2009,0,
10,12,2009,0,
10,13,2009,35,
10,14,2009,32,
10,15,2009,32,
10,16,2009,42,
10,17,2009,46,
10,18,2009,0,
10,19,2009,0,
10,20,2009,0,
10,21,2009,0,
10,22,2009,0,
10,23,2009,0,
10,24,2009,0,
10,25,2009,0,
10,26,2009,0,
10,27,2009,0,
10,28,2009,0,
10,29,2009,0,
10,30,2009,0,
10,31,2009,0,
11,1,2009,0,
11,2,2009,0,
11,3,2009,0,
11,4,2009,0,
11,5,2009,0,
11,6,2009,0,
11,7,2009,0,
11,8,2009,0,
11,9,2009,0,
11,10,2009,0,
11,11,2009,0,
11,12,2009,0,
11,13,2009,0,
11,14,2009,0,
11,15,2009,0,
11,16,2009,0,
11,17,2009,0,
11,18,2009,0,
11,19,2009,0,
11,20,2009,0,
11,21,2009,0,
11,22,2009,0,
11,23,2009,0,
11,24,2009,0,
11,25,2009,0,
11,26,2009,8,
11,27,2009,8,
11,28,2009,8,
11,29,2009,11,
11,30,2009,12,
12,1,2009,0,
12,2,2009,4,
12,3,2009,76,
12,4,2009,87,
12,5,2009,91,
12,6,2009,91,
12,7,2009,105,
12,8,2009,116,
12,9,2009,119,
12,10,2009,127,
12,11,2009,55,
12,12,2009,58,
12,13,2009,61,
12,14,2009,98,
12,15,2009,77,
12,16,2009,76,
12,17,2009,71,
12,18,2009,68,
12,19,2009,68,
12,20,2009,68,
12,21,2009,107,
12,22,2009,86,
12,23,2009,83,
12,24,2009,123,
12,25,2009,221,
12,26,2009,489,
12,27,2009,512,
12,28,2009,479,
12,29,2009,419,
12,30,2009,404,
12,31,2009,393,
1,1,2010,388,
1,2,2010,380,
1,3,2010,373,
1,4,2010,367,
1,5,2010,362,
1,6,2010,357,
1,7,2010,425,
1,8,2010,427,
1,9,2010,428,
1,10,2010,419,
1,11,2010,411,
1,12,2010,405,
1,13,2010,399,
1,14,2010,394,
1,15,2010,389,
1,16,2010,386,
1,17,2010,381,
1,18,2010,375,
1,19,2010,374,
1,20,2010,372,
1,21,2010,370,
1,22,2010,373,
1,23,2010,411,
1,24,2010,435,
1,25,2010,448,
1,26,2010,487,
1,27,2010,481,
1,28,2010,478,
1,29,2010,474,
1,30,2010,471,
1,31,2010,467,
2,1,2010,464,
2,2,2010,478,
2,3,2010,492,
2,4,2010,490,
2,5,2010,497,
2,6,2010,518,
2,7,2010,532,
2,8,2010,635,
2,9,2010,700,
2,10,2010,684,
2,11,2010,673,
2,12,2010,661,
2,13,2010,656,
2,14,2010,657,
2,15,2010,632,
2,16,2010,515,
2,17,2010,508,
2,18,2010,505,
2,19,2010,503,
2,20,2010,517,
2,21,2010,530,
2,22,2010,532,
2,23,2010,528,
2,24,2010,526,
2,25,2010,521,
2,26,2010,509,
2,27,2010,506,
2,28,2010,502,
3,1,2010,499,
3,2,2010,496,
3,3,2010,494,
3,4,2010,493,
3,5,2010,487,
3,6,2010,483,
3,7,2010,488,
3,8,2010,476,
3,9,2010,463,
3,10,2010,449,
3,11,2010,436,
3,12,2010,392,
3,13,2010,355,
3,14,2010,319,
3,15,2010,288,
3,16,2010,267,
3,17,2010,224,
3,18,2010,0,
3,19,2010,0,
3,20,2010,0,
3,21,2010,0,
3,22,2010,0,
3,23,2010,0,
3,24,2010,0,
3,25,2010,0,
3,26,2010,0,
3,27,2010,0,
3,28,2010,0,
3,29,2010,0,
3,30,2010,0,
3,31,2010,0,
4,1,2010,0,
4,2,2010,0,
4,3,2010,0,
4,4,2010,0,
4,5,2010,0,
4,6,2010,0,
4,7,2010,0,
4,8,2010,0,
4,9,2010,0,
4,10,2010,0,
4,11,2010,0,
4,12,2010,0,
4,13,2010,0,
4,14,2010,0,
4,15,2010,0,
4,16,2010,0,
4,17,2010,0,
4,18,2010,0,
4,19,2010,0,
4,20,2010,0,
4,21,2010,0,
4,22,2010,0,
4,23,2010,0,
4,24,2010,0,
4,25,2010,0,
4,26,2010,0,
4,27,2010,0,
4,28,2010,0,
4,29,2010,0,
4,30,2010,0,
5,1,2010,0,
5,2,2010,0,
5,3,2010,0,
5,4,2010,0,
5,5,2010,0,
5,6,2010,0,
5,7,2010,0,
5,8,2010,0,
5,9,2010,0,
5,10,2010,0,
5,11,2010,0,
5,12,2010,0,
5,13,2010,0,
5,14,2010,0,
5,15,2010,0,
5,16,2010,0,
5,17,2010,0,
5,18,2010,0,
5,19,2010,0,
5,20,2010,0,
5,21,2010,0,
5,22,2010,0,
5,23,2010,0,
5,24,2010,0,
5,25,2010,0,
5,26,2010,0,
5,27,2010,0,
5,28,2010,0,
5,29,2010,0,
5,30,2010,0,
5,31,2010,0,
6,1,2010,0,
6,2,2010,0,
6,3,2010,0,
6,4,2010,0,
6,5,2010,0,
6,6,2010,0,
6,7,2010,0,
6,8,2010,0,
6,9,2010,0,
6,10,2010,0,
6,11,2010,0,
6,12,2010,0,
6,13,2010,0,
6,14,2010,0,
6,15,2010,0,
6,16,2010,0,
6,17,2010,0,
6,18,2010,0,
6,19,2010,0,
6,20,2010,0,
6,21,2010,0,
6,22,2010,0,
6,23,2010,0,
6,24,2010,0,
6,25,2010,0,
6,26,2010,0,
6,27,2010,0,
6,28,2010,0,
6,29,2010,0,
6,30,2010,0,
7,1,2010,0,
7,2,2010,0,
7,3,2010,0,
7,4,2010,0,
7,5,2010,0,
7,6,2010,0,
7,7,2010,0,
7,8,2010,0,
7,9,2010,0,
7,10,2010,0,
7,11,2010,0,
7,12,2010,0,
7,13,2010,0,
7,14,2010,0,
7,15,2010,0,
7,16,2010,0,
7,17,2010,0,
7,18,2010,0,
7,19,2010,0,
7,20,2010,0,
7,21,2010,0,
7,22,2010,0,
7,23,2010,0,
7,24,2010,0,
7,25,2010,0,
7,26,2010,0,
7,27,2010,0,
7,28,2010,0,
7,29,2010,0,
7,30,2010,0,
7,31,2010,0,
8,1,2010,0,
8,2,2010,0,
8,3,2010,0,
8,4,2010,0,
8,5,2010,0,
8,6,2010,0,
8,7,2010,0,
8,8,2010,0,
8,9,2010,0,
8,10,2010,0,
8,11,2010,0,
8,12,2010,0,
8,13,2010,0,
8,14,2010,0,
8,15,2010,0,
8,16,2010,0,
8,17,2010,0,
8,18,2010,0,
8,19,2010,0,
8,20,2010,0,
8,21,2010,0,
8,22,2010,0,
8,23,2010,0,
8,24,2010,0,
8,25,2010,0,
8,26,2010,0,
8,27,2010,0,
8,28,2010,0,
8,29,2010,0,
8,30,2010,0,
8,31,2010,0,
9,1,2010,0,
9,2,2010,0,
9,3,2010,0,
9,4,2010,0,
9,5,2010,0,
9,6,2010,0,
9,7,2010,0,
9,8,2010,0,
9,9,2010,0,
9,10,2010,0,
9,11,2010,0,
9,12,2010,0,
9,13,2010,0,
9,14,2010,0,
9,15,2010,0,
9,16,2010,0,
9,17,2010,0,
9,18,2010,0,
9,19,2010,0,
9,20,2010,0,
9,21,2010,0,
9,22,2010,0,
9,23,2010,0,
9,24,2010,0,
9,25,2010,0,
9,26,2010,0,
9,27,2010,0,
9,28,2010,0,
9,29,2010,0,
9,30,2010,0,
10,1,2010,0,
10,2,2010,0,
10,3,2010,0,
10,4,2010,0,
10,5,2010,0,
10,6,2010,0,
10,7,2010,0,
10,8,2010,0,
10,9,2010,0,
10,10,2010,0,
10,11,2010,0,
10,12,2010,0,
10,13,2010,0,
10,14,2010,0,
10,15,2010,0,
10,16,2010,0,
10,17,2010,0,
10,18,2010,0,
10,19,2010,0,
10,20,2010,0,
10,21,2010,0,
10,22,2010,0,
10,23,2010,0,
10,24,2010,0,
10,25,2010,0,
10,26,2010,0,
10,27,2010,0,
10,28,2010,0,
10,29,2010,0,
10,30,2010,0,
10,31,2010,0,
11,1,2010,0,
11,2,2010,0,
11,3,2010,0,
11,4,2010,0,
11,5,2010,0,
11,6,2010,0,
11,7,2010,0,
11,8,2010,0,
11,9,2010,0,
11,10,2010,0,
11,11,2010,0,
11,12,2010,0,
11,13,2010,0,
11,14,2010,0,
11,15,2010,0,
11,16,2010,0,
11,17,2010,0,
11,18,2010,0,
11,19,2010,0,
11,20,2010,0,
11,21,2010,0,
11,22,2010,10,
11,23,2010,144,
11,24,2010,241,
11,25,2010,244,
11,26,2010,235,
11,27,2010,226,
11,28,2010,218,
11,29,2010,198,
11,30,2010,228,
12,1,2010,265,
12,2,2010,260,
12,3,2010,256,
12,4,2010,161,
12,5,2010,185,
12,6,2010,180,
12,7,2010,177,
12,8,2010,175,
12,9,2010,174,
12,10,2010,170,
12,11,2010,171,
12,12,2010,183,
12,13,2010,180,
12,14,2010,178,
12,15,2010,171,
12,16,2010,235,
12,17,2010,292,
12,18,2010,302,
12,19,2010,321,
12,20,2010,313,
12,21,2010,447,
12,22,2010,484,
12,23,2010,463,
12,24,2010,481,
12,25,2010,473,
12,26,2010,460,
12,27,2010,448,
12,28,2010,437,
12,29,2010,425,
12,30,2010,419,
12,31,2010,513,
1,1,2011,621,
1,2,2011,627,
1,3,2011,612,
1,4,2011,617,
1,5,2011,600,
1,6,2011,590,
1,7,2011,603,
1,8,2011,603,
1,9,2011,594,
1,10,2011,585,
1,11,2011,619,
1,12,2011,622,
1,13,2011,622,
1,14,2011,612,
1,15,2011,655,
1,16,2011,644,
1,17,2011,639,
1,18,2011,638,
1,19,2011,629,
1,20,2011,621,
1,21,2011,615,
1,22,2011,623,
1,23,2011,616,
1,24,2011,607,
1,25,2011,618,
1,26,2011,611,
1,27,2011,605,
1,28,2011,600,
1,29,2011,592,
1,30,2011,589,
1,31,2011,597,
2,1,2011,666,
2,2,2011,654,
2,3,2011,640,
2,4,2011,626,
2,5,2011,619,
2,6,2011,614,
2,7,2011,612,
2,8,2011,604,
2,9,2011,596,
2,10,2011,589,
2,11,2011,586,
2,12,2011,581,
2,13,2011,576,
2,14,2011,425,
2,15,2011,421,
2,16,2011,395,
2,17,2011,368,
2,18,2011,370,
2,19,2011,368,
2,20,2011,370,
2,21,2011,370,
2,22,2011,421,
2,23,2011,422,
2,24,2011,431,
2,25,2011,428,
2,26,2011,428,
2,27,2011,427,
2,28,2011,425,
3,1,2011,422,
3,2,2011,377,
3,3,2011,376,
3,4,2011,374,
3,5,2011,364,
3,6,2011,363,
3,7,2011,393,
3,8,2011,394,
3,9,2011,395,
3,10,2011,429,
3,11,2011,426,
3,12,2011,407,
3,13,2011,410,
3,14,2011,410,
3,15,2011,409,
3,16,2011,359,
3,17,2011,299,
3,18,2011,259,
3,19,2011,259,
3,20,2011,230,
3,21,2011,168,
3,22,2011,161,
3,23,2011,301,
3,24,2011,440,
3,25,2011,431,
3,26,2011,425,
3,27,2011,416,
3,28,2011,411,
3,29,2011,372,
3,30,2011,369,
3,31,2011,364,
4,1,2011,360,
4,2,2011,298,
4,3,2011,245,
4,4,2011,171,
4,5,2011,140,
4,6,2011,80,
4,7,2011,11,
4,8,2011,0,
4,9,2011,0,
4,10,2011,0,
4,11,2011,0,
4,12,2011,0,
4,13,2011,0,
4,14,2011,0,
4,15,2011,0,
4,16,2011,36,
4,17,2011,30,
4,18,2011,14,
4,19,2011,21,
4,20,2011,0,
4,21,2011,0,
4,22,2011,0,
4,23,2011,0,
4,24,2011,0,
4,25,2011,0,
4,26,2011,0,
4,27,2011,0,
4,28,2011,0,
4,29,2011,0,
4,30,2011,0,
5,1,2011,14,
5,2,2011,22,
5,3,2011,0,
5,4,2011,0,
5,5,2011,0,
5,6,2011,0,
5,7,2011,0,
5,8,2011,0,
5,9,2011,0,
5,10,2011,0,
5,11,2011,0,
5,12,2011,0,
5,13,2011,0,
5,14,2011,0,
5,15,2011,0,
5,16,2011,0,
5,17,2011,0,
5,18,2011,0,
5,19,2011,0,
5,20,2011,0,
5,21,2011,0,
5,22,2011,0,
5,23,2011,0,
5,24,2011,0,
5,25,2011,0,
5,26,2011,0,
5,27,2011,0,
5,28,2011,0,
5,29,2011,0,
5,30,2011,0,
5,31,2011,0,
6,1,2011,0,
6,2,2011,0,
6,3,2011,0,
6,4,2011,0,
6,5,2011,0,
6,6,2011,0,
6,7,2011,0,
6,8,2011,0,
6,9,2011,0,
6,10,2011,0,
6,11,2011,0,
6,12,2011,0,
6,13,2011,0,
6,14,2011,0,
6,15,2011,0,
6,16,2011,0,
6,17,2011,0,
6,18,2011,0,
6,19,2011,0,
6,20,2011,0,
6,21,2011,0,
6,22,2011,0,
6,23,2011,0,
6,24,2011,0,
6,25,2011,0,
6,26,2011,0,
6,27,2011,0,
6,28,2011,0,
6,29,2011,0,
6,30,2011,0,
7,1,2011,0,
7,2,2011,0,
7,3,2011,0,
7,4,2011,0,
7,5,2011,0,
7,6,2011,0,
7,7,2011,0,
7,8,2011,0,
7,9,2011,0,
7,10,2011,0,
7,11,2011,0,
7,12,2011,0,
7,13,2011,0,
7,14,2011,0,
7,15,2011,0,
7,16,2011,0,
7,17,2011,0,
7,18,2011,0,
7,19,2011,0,
7,20,2011,0,
7,21,2011,0,
7,22,2011,0,
7,23,2011,0,
7,24,2011,0,
7,25,2011,0,
7,26,2011,0,
7,27,2011,0,
7,28,2011,0,
7,29,2011,0,
7,30,2011,0,
7,31,2011,0,
8,1,2011,0,
8,2,2011,0,
8,3,2011,0,
8,4,2011,0,
8,5,2011,0,
8,6,2011,0,
8,7,2011,0,
8,8,2011,0,
8,9,2011,0,
8,10,2011,0,
8,11,2011,0,
8,12,2011,0,
8,13,2011,0,
8,14,2011,0,
8,15,2011,0,
8,16,2011,0,
8,17,2011,0,
8,18,2011,0,
8,19,2011,0,
8,20,2011,0,
8,21,2011,0,
8,22,2011,0,
8,23,2011,0,
8,24,2011,0,
8,25,2011,0,
8,26,2011,0,
8,27,2011,0,
8,28,2011,0,
8,29,2011,0,
8,30,2011,0,
8,31,2011,0,
9,1,2011,0,
9,2,2011,0,
9,3,2011,0,
9,4,2011,0,
9,5,2011,0,
9,6,2011,0,
9,7,2011,0,
9,8,2011,0,
9,9,2011,0,
9,10,2011,0,
9,11,2011,0,
9,12,2011,0,
9,13,2011,0,
9,14,2011,0,
9,15,2011,0,
9,16,2011,0,
9,17,2011,0,
9,18,2011,0,
9,19,2011,0,
9,20,2011,0,
9,21,2011,0,
9,22,2011,0,
9,23,2011,0,
9,24,2011,0,
9,25,2011,0,
9,26,2011,0,
9,27,2011,0,
9,28,2011,0,
9,29,2011,0,
9,30,2011,0,
10,1,2011,0,
10,2,2011,0,
10,3,2011,0,
10,4,2011,0,
10,5,2011,0,
10,6,2011,0,
10,7,2011,0,
10,8,2011,0,
10,9,2011,0,
10,10,2011,0,
10,11,2011,0,
10,12,2011,0,
10,13,2011,0,
10,14,2011,0,
10,15,2011,0,
10,16,2011,0,
10,17,2011,0,
10,18,2011,0,
10,19,2011,0,
10,20,2011,0,
10,21,2011,0,
10,22,2011,0,
10,23,2011,0,
10,24,2011,0,
10,25,2011,0,
10,26,2011,0,
10,27,2011,0,
10,28,2011,0,
10,29,2011,0,
10,30,2011,0,
10,31,2011,0,
11,1,2011,0,
11,2,2011,0,
11,3,2011,0,
11,4,2011,0,
11,5,2011,0,
11,6,2011,0,
11,7,2011,0,
11,8,2011,0,
11,9,2011,0,
11,10,2011,0,
11,11,2011,0,
11,12,2011,0,
11,13,2011,0,
11,14,2011,0,
11,15,2011,0,
11,16,2011,4,
11,17,2011,3,
11,18,2011,0,
11,19,2011,0,
11,20,2011,0,
11,21,2011,0,
11,22,2011,0,
11,23,2011,0,
11,24,2011,0,
11,25,2011,0,
11,26,2011,0,
11,27,2011,0,
11,28,2011,0,
11,29,2011,0,
11,30,2011,0,
12,1,2011,3,
12,2,2011,0,
12,3,2011,0,
12,4,2011,0,
12,5,2011,0,
12,6,2011,2,
12,7,2011,0,
12,8,2011,0,
12,9,2011,0,
12,10,2011,0,
12,11,2011,0,
12,12,2011,0,
12,13,2011,0,
12,14,2011,0,
12,15,2011,0,
12,16,2011,0,
12,17,2011,2,
12,18,2011,0,
12,19,2011,0,
12,20,2011,0,
12,21,2011,0,
12,22,2011,0,
12,23,2011,0,
12,24,2011,0,
12,25,2011,0,
12,26,2011,0,
12,27,2011,0,
12,28,2011,0,
12,29,2011,0,
12,30,2011,3,
12,31,2011,71,
1,1,2012,89,
1,2,2012,79,
1,3,2012,76,
1,4,2012,70,
1,5,2012,67,
1,6,2012,0,
1,7,2012,0,
1,8,2012,0,
1,9,2012,0,
1,10,2012,0,
1,11,2012,0,
1,12,2012,0,
1,13,2012,0,
1,14,2012,19,
1,15,2012,43,
1,16,2012,36,
1,17,2012,32,
1,18,2012,30,
1,19,2012,34,
1,20,2012,31,
1,21,2012,30,
1,22,2012,27,
1,23,2012,77,
1,24,2012,76,
1,25,2012,74,
1,26,2012,75,
1,27,2012,102,
1,28,2012,95,
1,29,2012,106,
1,30,2012,108,
1,31,2012,105,
2,1,2012,104,
2,2,2012,103,
2,3,2012,103,
2,4,2012,104,
2,5,2012,105,
2,6,2012,103,
2,7,2012,100,
2,8,2012,98,
2,9,2012,80,
2,10,2012,75,
2,11,2012,73,
2,12,2012,71,
2,13,2012,65,
2,14,2012,59,
2,15,2012,58,
2,16,2012,60,
2,17,2012,62,
2,18,2012,61,
2,19,2012,56,
2,20,2012,14,
2,21,2012,107,
2,22,2012,136,
2,23,2012,143,
2,24,2012,160,
2,25,2012,167,
2,26,2012,161,
2,27,2012,207,
2,28,2012,200,
2,29,2012,199,
3,1,2012,264,
3,2,2012,260,
3,3,2012,276,
3,4,2012,277,
3,5,2012,307,
3,6,2012,294,
3,7,2012,278,
3,8,2012,275,
3,9,2012,274,
3,10,2012,262,
3,11,2012,136,
3,12,2012,0,
3,13,2012,0,
3,14,2012,0,
3,15,2012,0,
3,16,2012,0,
3,17,2012,0,
3,18,2012,0,
3,19,2012,0,
3,20,2012,0,
3,21,2012,0,
3,22,2012,0,
3,23,2012,0,
3,24,2012,0,
3,25,2012,0,
3,26,2012,0,
3,27,2012,0,
3,28,2012,0,
3,29,2012,0,
3,30,2012,0,
3,31,2012,0,
4,1,2012,0,
4,2,2012,0,
4,3,2012,0,
4,4,2012,0,
4,5,2012,0,
4,6,2012,0,
4,7,2012,0,
4,8,2012,0,
4,9,2012,0,
4,10,2012,0,
4,11,2012,0,
4,12,2012,0,
4,13,2012,0,
4,14,2012,0,
4,15,2012,0,
4,16,2012,0,
4,17,2012,0,
4,18,2012,0,
4,19,2012,0,
4,20,2012,0,
4,21,2012,0,
4,22,2012,0,
4,23,2012,0,
4,24,2012,0,
4,25,2012,0,
4,26,2012,0,
4,27,2012,0,
4,28,2012,0,
4,29,2012,0,
4,30,2012,0,
5,1,2012,0,
5,2,2012,0,
5,3,2012,0,
5,4,2012,0,
5,5,2012,0,
5,6,2012,0,
5,7,2012,0,
5,8,2012,0,
5,9,2012,0,
5,10,2012,0,
5,11,2012,0,
5,12,2012,0,
5,13,2012,0,
5,14,2012,0,
5,15,2012,0,
5,16,2012,0,
5,17,2012,0,
5,18,2012,0,
5,19,2012,0,
5,20,2012,0,
5,21,2012,0,
5,22,2012,0,
5,23,2012,0,
5,24,2012,0,
5,25,2012,0,
5,26,2012,0,
5,27,2012,0,
5,28,2012,0,
5,29,2012,0,
5,30,2012,0,
5,31,2012,0,
6,1,2012,0,
6,2,2012,0,
6,3,2012,0,
6,4,2012,0,
6,5,2012,0,
6,6,2012,0,
6,7,2012,0,
6,8,2012,0,
6,9,2012,0,
6,10,2012,0,
6,11,2012,0,
6,12,2012,0,
6,13,2012,0,
6,14,2012,0,
6,15,2012,0,
6,16,2012,0,
6,17,2012,0,
6,18,2012,0,
6,19,2012,0,
6,20,2012,0,
6,21,2012,0,
6,22,2012,0,
6,23,2012,0,
6,24,2012,0,
6,25,2012,0,
6,26,2012,0,
6,27,2012,0,
6,28,2012,0,
6,29,2012,0,
6,30,2012,0,
7,1,2012,0,
7,2,2012,0,
7,3,2012,0,
7,4,2012,0,
7,5,2012,0,
7,6,2012,0,
7,7,2012,0,
7,8,2012,0,
7,9,2012,0,
7,10,2012,0,
7,11,2012,0,
7,12,2012,0,
7,13,2012,0,
7,14,2012,0,
7,15,2012,0,
7,16,2012,0,
7,17,2012,0,
7,18,2012,0,
7,19,2012,0,
7,20,2012,0,
7,21,2012,0,
7,22,2012,0,
7,23,2012,0,
7,24,2012,0,
7,25,2012,0,
7,26,2012,0,
7,27,2012,0,
7,28,2012,0,
7,29,2012,0,
7,30,2012,0,
7,31,2012,0,
8,1,2012,0,
8,2,2012,0,
8,3,2012,0,
8,4,2012,0,
8,5,2012,0,
8,6,2012,0,
8,7,2012,0,
8,8,2012,0,
8,9,2012,0,
8,10,2012,0,
8,11,2012,0,
8,12,2012,0,
8,13,2012,0,
8,14,2012,0,
8,15,2012,0,
8,16,2012,0,
8,17,2012,0,
8,18,2012,0,
8,19,2012,0,
8,20,2012,0,
8,21,2012,0,
8,22,2012,0,
8,23,2012,0,
8,24,2012,0,
8,25,2012,0,
8,26,2012,0,
8,27,2012,0,
8,28,2012,0,
8,29,2012,0,
8,30,2012,0,
8,31,2012,0,
9,1,2012,0,
9,2,2012,0,
9,3,2012,0,
9,4,2012,0,
9,5,2012,0,
9,6,2012,0,
9,7,2012,0,
9,8,2012,0,
9,9,2012,0,
9,10,2012,0,
9,11,2012,0,
9,12,2012,0,
9,13,2012,0,
9,14,2012,0,
9,15,2012,0,
9,16,2012,0,
9,17,2012,0,
9,18,2012,0,
9,19,2012,0,
9,20,2012,0,
9,21,2012,0,
9,22,2012,0,
9,23,2012,0,
9,24,2012,0,
9,25,2012,0,
9,26,2012,0,
9,27,2012,0,
9,28,2012,0,
9,29,2012,0,
9,30,2012,0,
10,1,2012,0,
10,2,2012,0,
10,3,2012,0,
10,4,2012,0,
10,5,2012,0,
10,6,2012,2,
10,7,2012,0,
10,8,2012,0,
10,9,2012,0,
10,10,2012,0,
10,11,2012,0,
10,12,2012,0,
10,13,2012,0,
10,14,2012,0,
10,15,2012,0,
10,16,2012,0,
10,17,2012,0,
10,18,2012,0,
10,19,2012,0,
10,20,2012,0,
10,21,2012,0,
10,22,2012,0,
10,23,2012,0,
10,24,2012,0,
10,25,2012,0,
10,26,2012,0,
10,27,2012,0,
10,28,2012,35,
10,29,2012,52,
10,30,2012,0,
10,31,2012,0,
11,1,2012,0,
11,2,2012,0,
11,3,2012,27,
11,4,2012,26,
11,5,2012,31,
11,6,2012,0,
11,7,2012,0,
11,8,2012,0,
11,9,2012,0,
11,10,2012,0,
11,11,2012,0,
11,12,2012,26,
11,13,2012,35,
11,14,2012,41,
11,15,2012,0,
11,16,2012,0,
11,17,2012,0,
11,18,2012,0,
11,19,2012,0,
11,20,2012,0,
11,21,2012,0,
11,22,2012,0,
11,23,2012,46,
11,24,2012,50,
11,25,2012,47,
11,26,2012,46,
11,27,2012,43,
11,28,2012,43,
11,29,2012,23,
11,30,2012,24,
12,1,2012,26,
12,2,2012,0,
12,3,2012,0,
12,4,2012,0,
12,5,2012,0,
12,6,2012,0,
12,7,2012,0,
12,8,2012,6,
12,9,2012,33,
12,10,2012,78,
12,11,2012,76,
12,12,2012,74,
12,13,2012,27,
12,14,2012,42,
12,15,2012,0,
12,16,2012,40,
12,17,2012,48,
12,18,2012,57,
12,19,2012,74,
12,20,2012,51,e
12,21,2012,37,
12,22,2012,38,
12,23,2012,37,
12,24,2012,77,
12,25,2012,83,
12,26,2012,81,
12,27,2012,103,
12,28,2012,118,
12,29,2012,124,
12,30,2012,122,
12,31,2012,120,
1,1,2013,87,
1,2,2013,87,
1,3,2013,98,
1,4,2013,99,
1,5,2013,96,
1,6,2013,96,
1,7,2013,95,
1,8,2013,91,
1,9,2013,95,
1,10,2013,91,
1,11,2013,0,
1,12,2013,26,
1,13,2013,37,
1,14,2013,36,
1,15,2013,38,
1,16,2013,41,
1,17,2013,46,
1,18,2013,78,
1,19,2013,94,
1,20,2013,92,
1,21,2013,92,
1,22,2013,89,
1,23,2013,108,
1,24,2013,105,
1,25,2013,106,
1,26,2013,104,
1,27,2013,100,
1,28,2013,98,
1,29,2013,173,
1,30,2013,172,
1,31,2013,177,
2,1,2013,176,
2,2,2013,204,
2,3,2013,242,
2,4,2013,248,
2,5,2013,269,
2,6,2013,263,
2,7,2013,260,
2,8,2013,260,
2,9,2013,254,
2,10,2013,252,
2,11,2013,532,
2,12,2013,508,
2,13,2013,485,
2,14,2013,441,
2,15,2013,427,
2,16,2013,416,
2,17,2013,408,
2,18,2013,405,
2,19,2013,427,
2,20,2013,417,
2,21,2013,410,
2,22,2013,403,
2,23,2013,411,
2,24,2013,406,
2,25,2013,403,
2,26,2013,399,
2,27,2013,396,
2,28,2013,391,
3,1,2013,386,
3,2,2013,382,
3,3,2013,377,
3,4,2013,369,
3,5,2013,520,
3,6,2013,541,
3,7,2013,531,
3,8,2013,517,
3,9,2013,508,
3,10,2013,570,
3,11,2013,543,
3,12,2013,502,
3,13,2013,453,
3,14,2013,446,
3,15,2013,440,
3,16,2013,551,
3,17,2013,537,
3,18,2013,599,
3,19,2013,595,
3,20,2013,573,
3,21,2013,557,
3,22,2013,549,
3,23,2013,541,
3,24,2013,534,
3,25,2013,560,
3,26,2013,529,
3,27,2013,522,
3,28,2013,515,
3,29,2013,487,
3,30,2013,483,
3,31,2013,408,
4,1,2013,401,
4,2,2013,397,
4,3,2013,396,
4,4,2013,348,
4,5,2013,335,
4,6,2013,350,
4,7,2013,347,
4,8,2013,346,
4,9,2013,346,
4,10,2013,341,
4,11,2013,337,
4,12,2013,307,
4,13,2013,331,
4,14,2013,329,
4,15,2013,491,
4,16,2013,473,
4,17,2013,445,
4,18,2013,480,
4,19,2013,407,
4,20,2013,362,
4,21,2013,333,
4,22,2013,254,
4,23,2013,140,
4,24,2013,108,
4,25,2013,5,
4,26,2013,0,
4,27,2013,0,
4,28,2013,0,
4,29,2013,0,
4,30,2013,0,
5,1,2013,0,
5,2,2013,0,
5,3,2013,0,
5,4,2013,0,
5,5,2013,0,
5,6,2013,0,
5,7,2013,0,
5,8,2013,0,
5,9,2013,0,
5,10,2013,0,
5,11,2013,0,
5,12,2013,0,
5,13,2013,0,
5,14,2013,0,
5,15,2013,0,
5,16,2013,0,
5,17,2013,0,
5,18,2013,0,
5,19,2013,0,
5,20,2013,0,
5,21,2013,0,
5,22,2013,0,
5,23,2013,0,
5,24,2013,0,
5,25,2013,0,
5,26,2013,0,
5,27,2013,0,
5,28,2013,0,
5,29,2013,0,
5,30,2013,0,
5,31,2013,0,
6,1,2013,0,
6,2,2013,0,
6,3,2013,0,
6,4,2013,0,
6,5,2013,0,
6,6,2013,0,
6,7,2013,0,
6,8,2013,0,
6,9,2013,0,
6,10,2013,0,
6,11,2013,0,
6,12,2013,0,
6,13,2013,0,
6,14,2013,0,
6,15,2013,0,
6,16,2013,0,
6,17,2013,0,
6,18,2013,0,
6,19,2013,0,
6,20,2013,0,
6,21,2013,0,
6,22,2013,0,
6,23,2013,0,
6,24,2013,0,
6,25,2013,0,
6,26,2013,0,
6,27,2013,0,
6,28,2013,0,
6,29,2013,0,
6,30,2013,0,
7,1,2013,0,
7,2,2013,0,
7,3,2013,0,
7,4,2013,0,
7,5,2013,0,
7,6,2013,0,
7,7,2013,0,
7,8,2013,0,
7,9,2013,0,
7,10,2013,0,
7,11,2013,0,
7,12,2013,0,
7,13,2013,0,
7,14,2013,0,
7,15,2013,0,
7,16,2013,0,
7,17,2013,0,
7,18,2013,0,
7,19,2013,0,
7,20,2013,0,
7,21,2013,0,
7,22,2013,0,
7,23,2013,0,
7,24,2013,0,
7,25,2013,0,
7,26,2013,0,
7,27,2013,0,
7,28,2013,0,
7,29,2013,0,
7,30,2013,0,
7,31,2013,0,
8,1,2013,0,
8,2,2013,0,
8,3,2013,0,
8,4,2013,0,
8,5,2013,0,
8,6,2013,0,
8,7,2013,0,
8,8,2013,0,
8,9,2013,0,
8,10,2013,0,
8,11,2013,0,
8,12,2013,0,
8,13,2013,0,
8,14,2013,0,
8,15,2013,0,
8,16,2013,0,
8,17,2013,0,
8,18,2013,0,
8,19,2013,0,
8,20,2013,0,
8,21,2013,0,
8,22,2013,0,
8,23,2013,0,
8,24,2013,0,
8,25,2013,0,
8,26,2013,0,
8,27,2013,0,
8,28,2013,0,
8,29,2013,0,
8,30,2013,0,
8,31,2013,0,
9,1,2013,0,
9,2,2013,0,
9,3,2013,0,
9,4,2013,0,
9,5,2013,0,
9,6,2013,0,
9,7,2013,0,
9,8,2013,0,
9,9,2013,0,
9,10,2013,0,
9,11,2013,0,
9,12,2013,0,
9,13,2013,0,
9,14,2013,0,
9,15,2013,0,
9,16,2013,0,
9,17,2013,0,
9,18,2013,0,
9,19,2013,0,
9,20,2013,0,
9,21,2013,0,
9,22,2013,0,
9,23,2013,0,
9,24,2013,0,
9,25,2013,0,
9,26,2013,0,
9,27,2013,0,
9,28,2013,0,
9,29,2013,0,
9,30,2013,0,
10,1,2013,0,
10,2,2013,0,
10,3,2013,0,
10,4,2013,0,
10,5,2013,0,
10,6,2013,0,
10,7,2013,0,
10,8,2013,0,
10,9,2013,0,
10,10,2013,0,
10,11,2013,0,
10,12,2013,0,
10,13,2013,0,
10,14,2013,0,
10,15,2013,0,
10,16,2013,0,
10,17,2013,0,
10,18,2013,0,
10,19,2013,0,
10,20,2013,0,
10,21,2013,13,
10,22,2013,14,
10,23,2013,25,
10,24,2013,20,
10,25,2013,3,
10,26,2013,0,
10,27,2013,0,
10,28,2013,0,
10,29,2013,0,
10,30,2013,21,
10,31,2013,24,
11,1,2013,0,
11,2,2013,0,
11,3,2013,0,
11,4,2013,0,
11,5,2013,0,
11,6,2013,0,
11,7,2013,0,
11,8,2013,0,
11,9,2013,0,
11,10,2013,0,
11,11,2013,6,
11,12,2013,4,
11,13,2013,0,
11,14,2013,0,
11,15,2013,0,
11,16,2013,0,
11,17,2013,0,
11,18,2013,0,
11,19,2013,0,
11,20,2013,0,
11,21,2013,10,
11,22,2013,15,
11,23,2013,5,
11,24,2013,5,
11,25,2013,0,
11,26,2013,1,
11,27,2013,0,
11,28,2013,0,
11,29,2013,0,
11,30,2013,0,
12,1,2013,0,
12,2,2013,12,
12,3,2013,239,
12,4,2013,238,
12,5,2013,364,
12,6,2013,186,
12,7,2013,178,
12,8,2013,173,
12,9,2013,178,
12,10,2013,194,
12,11,2013,194,
12,12,2013,204,
12,13,2013,238,
12,14,2013,275,
12,15,2013,276,
12,16,2013,280,
12,17,2013,249,
12,18,2013,240,
12,19,2013,232,
12,20,2013,310,
12,21,2013,303,
12,22,2013,295,
12,23,2013,290,
12,24,2013,284,
12,25,2013,337,
12,26,2013,334,
12,27,2013,350,
12,28,2013,314,
12,29,2013,318,
12,30,2013,314,
12,31,2013,219,
1,1,2014,217,
1,2,2014,227,
1,3,2014,225,
1,4,2014,275,
1,5,2014,273,
1,6,2014,269,
1,7,2014,212,
1,8,2014,210,
1,9,2014,208,
1,10,2014,204,
1,11,2014,205,
1,12,2014,203,
1,13,2014,167,
1,14,2014,216,
1,15,2014,256,
1,16,2014,291,
1,17,2014,297,
1,18,2014,353,
1,19,2014,388,
1,20,2014,382,
1,21,2014,388,
1,22,2014,322,
1,23,2014,321,
1,24,2014,315,
1,25,2014,340,
1,26,2014,392,
1,27,2014,390,
1,28,2014,385,
1,29,2014,378,
1,30,2014,328,
1,31,2014,378,
2,1,2014,380,
2,2,2014,376,
2,3,2014,371,
2,4,2014,372,
2,5,2014,367,
2,6,2014,325,
2,7,2014,321,
2,8,2014,316,
2,9,2014,313,
2,10,2014,310,
2,11,2014,307,
2,12,2014,318,
2,13,2014,314,
2,14,2014,312,
2,15,2014,309,
2,16,2014,306,
2,17,2014,303,
2,18,2014,331,
2,19,2014,325,
2,20,2014,328,
2,21,2014,340,
2,22,2014,335,
2,23,2014,330,
2,24,2014,325,
2,25,2014,330,
2,26,2014,326,
2,27,2014,307,
2,28,2014,304,
3,1,2014,300,
3,2,2014,297,
3,3,2014,295,
3,4,2014,305,
3,5,2014,305,
3,6,2014,301,
3,7,2014,298,
3,8,2014,315,
3,9,2014,312,
3,10,2014,246,
3,11,2014,111,
3,12,2014,110,
3,13,2014,113,
3,14,2014,0,
3,15,2014,0,
3,16,2014,0,
3,17,2014,0,
3,18,2014,0,
3,19,2014,0,
3,20,2014,0,
3,21,2014,0,
3,22,2014,3,
3,23,2014,0,
3,24,2014,0,
3,25,2014,0,
3,26,2014,13,
3,27,2014,0,
3,28,2014,0,
3,29,2014,0,
3,30,2014,0,
3,31,2014,0,
4,1,2014,65,
4,2,2014,56,
4,3,2014,60,
4,4,2014,82,
4,5,2014,88,
4,6,2014,0,
4,7,2014,0,
4,8,2014,0,
4,9,2014,0,
4,10,2014,0,
4,11,2014,0,
4,12,2014,0,
4,13,2014,0,
4,14,2014,0,
4,15,2014,0,
4,16,2014,0,
4,17,2014,17,
4,18,2014,0,
4,19,2014,0,
4,20,2014,0,
4,21,2014,0,
4,22,2014,0,
4,23,2014,0,
4,24,2014,0,
4,25,2014,0,
4,26,2014,0,
4,27,2014,0,
4,28,2014,0,
4,29,2014,0,
4,30,2014,0,
5,1,2014,0,
5,2,2014,0,
5,3,2014,0,
5,4,2014,0,
5,5,2014,0,
5,6,2014,0,
5,7,2014,0,
5,8,2014,0,
5,9,2014,0,
5,10,2014,0,
5,11,2014,0,
5,12,2014,0,
5,13,2014,0,
5,14,2014,0,
5,15,2014,0,
5,16,2014,0,
5,17,2014,0,
5,18,2014,0,
5,19,2014,0,
5,20,2014,0,
5,21,2014,0,
5,22,2014,0,
5,23,2014,0,
5,24,2014,0,
5,25,2014,0,
5,26,2014,0,
5,27,2014,0,
5,28,2014,0,
5,29,2014,0,
5,30,2014,0,
5,31,2014,0,
6,1,2014,0,
6,2,2014,0,
6,3,2014,0,
6,4,2014,0,
6,5,2014,0,
6,6,2014,0,
6,7,2014,0,
6,8,2014,0,
6,9,2014,0,
6,10,2014,0,
6,11,2014,0,
6,12,2014,0,
6,13,2014,0,
6,14,2014,0,
6,15,2014,0,
6,16,2014,0,
6,17,2014,0,
6,18,2014,0,
6,19,2014,0,
6,20,2014,0,
6,21,2014,0,
6,22,2014,0,
6,23,2014,0,
6,24,2014,0,
6,25,2014,0,
6,26,2014,0,
6,27,2014,0,
6,28,2014,0,
6,29,2014,0,
6,30,2014,0,
7,1,2014,0,
7,2,2014,0,
7,3,2014,0,
7,4,2014,0,
7,5,2014,0,
7,6,2014,0,
7,7,2014,0,
7,8,2014,0,
7,9,2014,0,
7,10,2014,0,
7,11,2014,0,
7,12,2014,0,
7,13,2014,0,
7,14,2014,0,
7,15,2014,0,
7,16,2014,0,
7,17,2014,0,
7,18,2014,0,
7,19,2014,0,
7,20,2014,0,
7,21,2014,0,
7,22,2014,0,
7,23,2014,0,
7,24,2014,0,
7,25,2014,0,
7,26,2014,0,
7,27,2014,0,
7,28,2014,0,
7,29,2014,0,
7,30,2014,0,
7,31,2014,0,
8,1,2014,0,
8,2,2014,0,
8,3,2014,0,
8,4,2014,0,
8,5,2014,0,
8,6,2014,0,
8,7,2014,0,
8,8,2014,0,
8,9,2014,0,
8,10,2014,0,
8,11,2014,0,
8,12,2014,0,
8,13,2014,0,
8,14,2014,0,
8,15,2014,0,
8,16,2014,0,
8,17,2014,0,
8,18,2014,0,
8,19,2014,0,
8,20,2014,0,
8,21,2014,0,
8,22,2014,0,
8,23,2014,0,
8,24,2014,0,
8,25,2014,0,
8,26,2014,0,
8,27,2014,0,
8,28,2014,0,
8,29,2014,0,
8,30,2014,0,
8,31,2014,0,
9,1,2014,0,
9,2,2014,0,
9,3,2014,0,
9,4,2014,0,
9,5,2014,0,
9,6,2014,0,
9,7,2014,0,
9,8,2014,0,
9,9,2014,0,
9,10,2014,0,
9,11,2014,0,
9,12,2014,0,
9,13,2014,0,
9,14,2014,0,
9,15,2014,0,
9,16,2014,0,
9,17,2014,0,
9,18,2014,0,
9,19,2014,0,
9,20,2014,0,
9,21,2014,0,
9,22,2014,0,
9,23,2014,0,
9,24,2014,0,
9,25,2014,0,
9,26,2014,0,
9,27,2014,0,
9,28,2014,0,
9,29,2014,0,
9,30,2014,0,
10,1,2014,0,
10,2,2014,0,
10,3,2014,0,
10,4,2014,0,
10,5,2014,0,
10,6,2014,0,
10,7,2014,0,
10,8,2014,0,
10,9,2014,0,
10,10,2014,0,
10,11,2014,0,
10,12,2014,0,
10,13,2014,0,
10,14,2014,0,
10,15,2014,0,
10,16,2014,0,
10,17,2014,0,
10,18,2014,0,
10,19,2014,0,
10,20,2014,0,
10,21,2014,0,
10,22,2014,0,
10,23,2014,0,
10,24,2014,0,
10,25,2014,0,
10,26,2014,0,
10,27,2014,0,
10,28,2014,0,
10,29,2014,0,
10,30,2014,0,
10,31,2014,0,
11,1,2014,0,
11,2,2014,0,
11,3,2014,0,
11,4,2014,0,
11,5,2014,0,
11,6,2014,11,
11,7,2014,5,
11,8,2014,0,
11,9,2014,0,
11,10,2014,0,
11,11,2014,53,
11,12,2014,2,
11,13,2014,10,
11,14,2014,19,
11,15,2014,17,
11,16,2014,16,
11,17,2014,22,
11,18,2014,17,
11,19,2014,5,
11,20,2014,0,
11,21,2014,0,
11,22,2014,0,
11,23,2014,0,
11,24,2014,12,
11,25,2014,20,
11,26,2014,34,
11,27,2014,60,
11,28,2014,90,
11,29,2014,50,
11,30,2014,46,
12,1,2014,41,
12,2,2014,37,
12,3,2014,34,
12,4,2014,32,
12,5,2014,27,
12,6,2014,26,
12,7,2014,24,
12,8,2014,22,
12,9,2014,10,
12,10,2014,15,
12,11,2014,15,
12,12,2014,15,
12,13,2014,18,
12,14,2014,0,
12,15,2014,0,
12,16,2014,0,
12,17,2014,0,
12,18,2014,0,
12,19,2014,0,
12,20,2014,0,
12,21,2014,0,
12,22,2014,0,
12,23,2014,0,
12,24,2014,18,
12,25,2014,21,
12,26,2014,22,
12,27,2014,2,
12,28,2014,5,
12,29,2014,5,
12,30,2014,3,
12,31,2014,2,
1,1,2015,0,
1,2,2015,0,
1,3,2015,0,
1,4,2015,5,
1,5,2015,3,
1,6,2015,18,
1,7,2015,14,
1,8,2015,11,
1,9,2015,16,
1,10,2015,12,
1,11,2015,10,
1,12,2015,14,
1,13,2015,13,
1,14,2015,11,
1,15,2015,13,
1,16,2015,13,
1,17,2015,18,
1,18,2015,44,
1,19,2015,43,
1,20,2015,43,
1,21,2015,98,
1,22,2015,98,
1,23,2015,93,
1,24,2015,22,
1,25,2015,35,
1,26,2015,38,
1,27,2015,0,
1,28,2015,0,
1,29,2015,0,
1,30,2015,0,
1,31,2015,0,
2,1,2015,0,
2,2,2015,0,
2,3,2015,0,
2,4,2015,29,
2,5,2015,26,
2,6,2015,22,
2,7,2015,21,
2,8,2015,21,
2,9,2015,25,
2,10,2015,33,
2,11,2015,135,
2,12,2015,79,
2,13,2015,77,
2,14,2015,74,
2,15,2015,70,
2,16,2015,96,
2,17,2015,92,
2,18,2015,130,
2,19,2015,126,
2,20,2015,122,
2,21,2015,126,
2,22,2015,122,
2,23,2015,119,
2,24,2015,111,
2,25,2015,107,
2,26,2015,104,
2,27,2015,101,
2,28,2015,99,
3,1,2015,95,
3,2,2015,92,
3,3,2015,86,
3,4,2015,100,
3,5,2015,88,
3,6,2015,84,
3,7,2015,80,
3,8,2015,75,
3,9,2015,8,
3,10,2015,0,
3,11,2015,0,
3,12,2015,0,
3,13,2015,0,
3,14,2015,0,
3,15,2015,0,
3,16,2015,0,
3,17,2015,0,
3,18,2015,0,
3,19,2015,0,
3,20,2015,0,
3,21,2015,0,
3,22,2015,0,
3,23,2015,0,
3,24,2015,0,
3,25,2015,5,
3,26,2015,0,
3,27,2015,0,
3,28,2015,0,
3,29,2015,0,
3,30,2015,0,
3,31,2015,0,
4,1,2015,0,
4,2,2015,0,
4,3,2015,0,
4,4,2015,0,
4,5,2015,0,
4,6,2015,0,
4,7,2015,0,
4,8,2015,0,
4,9,2015,0,
4,10,2015,0,
4,11,2015,0,
4,12,2015,0,
4,13,2015,0,
4,14,2015,0,
4,15,2015,0,
4,16,2015,0,
4,17,2015,0,
4,18,2015,0,
4,19,2015,0,
4,20,2015,0,
4,21,2015,0,
4,22,2015,0,
4,23,2015,0,
4,24,2015,0,
4,25,2015,0,
4,26,2015,0,
4,27,2015,0,
4,28,2015,0,
4,29,2015,0,
4,30,2015,0,
5,1,2015,0,
5,2,2015,0,
5,3,2015,0,
5,4,2015,0,
5,5,2015,0,
5,6,2015,0,
5,7,2015,0,
5,8,2015,0,
5,9,2015,0,
5,10,2015,0,
5,11,2015,0,
5,12,2015,0,
5,13,2015,0,
5,14,2015,0,
5,15,2015,0,
5,16,2015,0,
5,17,2015,0,
5,18,2015,0,
5,19,2015,0,
5,20,2015,0,
5,21,2015,0,
5,22,2015,0,
5,23,2015,0,
5,24,2015,0,
5,25,2015,0,
5,26,2015,0,
5,27,2015,0,
5,28,2015,0,
5,29,2015,0,
5,30,2015,0,
5,31,2015,0,
6,1,2015,0,
6,2,2015,0,
6,3,2015,0,
6,4,2015,0,
6,5,2015,0,
6,6,2015,0,
6,7,2015,0,
6,8,2015,0,
6,9,2015,0,
6,10,2015,0,
6,11,2015,0,
6,12,2015,0,
6,13,2015,0,
6,14,2015,0,
6,15,2015,0,
6,16,2015,0,
6,17,2015,0,
6,18,2015,0,
6,19,2015,0,
6,20,2015,0,
6,21,2015,0,
6,22,2015,0,
6,23,2015,0,
6,24,2015,0,
6,25,2015,0,
6,26,2015,0,
6,27,2015,0,
6,28,2015,0,
6,29,2015,0,
6,30,2015,0,
7,1,2015,0,
7,2,2015,0,
7,3,2015,0,
7,4,2015,0,
7,5,2015,0,
7,6,2015,0,
7,7,2015,0,
7,8,2015,0,
7,9,2015,0,
7,10,2015,0,
7,11,2015,0,
7,12,2015,0,
7,13,2015,0,
7,14,2015,0,
7,15,2015,0,
7,16,2015,0,
7,17,2015,0,
7,18,2015,0,
7,19,2015,0,
7,20,2015,0,
7,21,2015,0,
7,22,2015,0,
7,23,2015,0,
7,24,2015,0,
7,25,2015,0,
7,26,2015,0,
7,27,2015,0,
7,28,2015,0,
7,29,2015,0,
7,30,2015,0,
7,31,2015,0,
8,1,2015,0,
8,2,2015,0,
8,3,2015,0,
8,4,2015,0,
8,5,2015,0,
8,6,2015,0,
8,7,2015,0,
8,8,2015,0,
8,9,2015,0,
8,10,2015,0,
8,11,2015,0,
8,12,2015,0,
8,13,2015,0,
8,14,2015,0,
8,15,2015,0,
8,16,2015,0,
8,17,2015,0,
8,18,2015,0,
8,19,2015,0,
8,20,2015,0,
8,21,2015,0,
8,22,2015,0,
8,23,2015,0,
8,24,2015,0,
8,25,2015,0,
8,26,2015,0,
8,27,2015,0,
8,28,2015,0,
8,29,2015,0,
8,30,2015,0,
8,31,2015,0,
9,1,2015,0,
9,2,2015,0,
9,3,2015,0,
9,4,2015,0,
9,5,2015,0,
9,6,2015,0,
9,7,2015,0,
9,8,2015,0,
9,9,2015,0,
9,10,2015,0,
9,11,2015,0,
9,12,2015,0,
9,13,2015,0,
9,14,2015,0,
9,15,2015,0,
9,16,2015,0,
9,17,2015,0,
9,18,2015,0,
9,19,2015,0,
9,20,2015,0,
9,21,2015,0,
9,22,2015,0,
9,23,2015,0,
9,24,2015,0,
9,25,2015,0,
9,26,2015,0,
9,27,2015,0,
9,28,2015,0,
9,29,2015,0,
9,30,2015,0,
10,1,2015,0,
10,2,2015,0,
10,3,2015,0,
10,4,2015,0,
10,5,2015,0,
10,6,2015,0,
10,7,2015,0,
10,8,2015,0,
10,9,2015,0,
10,10,2015,0,
10,11,2015,0,
10,12,2015,0,
10,13,2015,0,
10,14,2015,0,
10,15,2015,0,
10,16,2015,0,
10,17,2015,0,
10,18,2015,0,
10,19,2015,0,
10,20,2015,0,
10,21,2015,0,
10,22,2015,0,
10,23,2015,0,
10,24,2015,0,
10,25,2015,0,
10,26,2015,0,
10,27,2015,0,
10,28,2015,0,
10,29,2015,5,
10,30,2015,0,
10,31,2015,0,
11,1,2015,0,
11,2,2015,0,
11,3,2015,0,
11,4,2015,0,
11,5,2015,0,
11,6,2015,0,
11,7,2015,0,
11,8,2015,0,
11,9,2015,0,
11,10,2015,0,
11,11,2015,0,
11,12,2015,0,
11,13,2015,0,
11,14,2015,0,
11,15,2015,0,
11,16,2015,0,
11,17,2015,0,
11,18,2015,0,
11,19,2015,0,
11,20,2015,0,
11,21,2015,0,
11,22,2015,0,
11,23,2015,0,
11,24,2015,0,
11,25,2015,0,
11,26,2015,1,
11,27,2015,0,
11,28,2015,0,
11,29,2015,0,
11,30,2015,0,
12,1,2015,91,
12,2,2015,129,
12,3,2015,117,
12,4,2015,112,
12,5,2015,109,
12,6,2015,105,
12,7,2015,102,
12,8,2015,98,
12,9,2015,66,
12,10,2015,32,
12,11,2015,0,
12,12,2015,11,
12,13,2015,16,
12,14,2015,19,
12,15,2015,21,
12,16,2015,26,
12,17,2015,92,
12,18,2015,89,
12,19,2015,82,
12,20,2015,78,
12,21,2015,76,
12,22,2015,78,
12,23,2015,77,
12,24,2015,77,
12,25,2015,77,
12,26,2015,79,
12,27,2015,119,
12,28,2015,115,
12,29,2015,73,
12,30,2015,78,
12,31,2015,96,
1,1,2016,94,
1,2,2016,89,
1,3,2016,84,
1,4,2016,83,
1,5,2016,79,
1,6,2016,79,
1,7,2016,99,
1,8,2016,232,
1,9,2016,225,
1,10,2016,218,
1,11,2016,215,
1,12,2016,215,
1,13,2016,178,
1,14,2016,179,
1,15,2016,247,
1,16,2016,238,
1,17,2016,233,
1,18,2016,230,
1,19,2016,229,
1,20,2016,225,
1,21,2016,230,
1,22,2016,230,
1,23,2016,226,
1,24,2016,220,
1,25,2016,220,
1,26,2016,227,
1,27,2016,221,
1,28,2016,111,
1,29,2016,109,
1,30,2016,105,
1,31,2016,104,
2,1,2016,105,
2,2,2016,108,
2,3,2016,116,
2,4,2016,115,
2,5,2016,117,
2,6,2016,119,
2,7,2016,96,
2,8,2016,94,
2,9,2016,146,
2,10,2016,145,
2,11,2016,145,
2,12,2016,145,
2,13,2016,144,
2,14,2016,146,
2,15,2016,227,
2,16,2016,226,
2,17,2016,163,
2,18,2016,160,
2,19,2016,134,
2,20,2016,53,
2,21,2016,52,
2,22,2016,81,
2,23,2016,64,
2,24,2016,68,
2,25,2016,70,
2,26,2016,73,
2,27,2016,14,
2,28,2016,0,
2,29,2016,0,
3,1,2016,0,
3,2,2016,0,
3,3,2016,3,
3,4,2016,2,
3,5,2016,0,
3,6,2016,0,
3,7,2016,0,
3,8,2016,0,
3,9,2016,14,
3,10,2016,16,
3,11,2016,0,
3,12,2016,0,
3,13,2016,0,
3,14,2016,0,
3,15,2016,0,
3,16,2016,0,
3,17,2016,0,
3,18,2016,12,
3,19,2016,28,
3,20,2016,25,
3,21,2016,23,
3,22,2016,0,
3,23,2016,0,
3,24,2016,0,
3,25,2016,0,
3,26,2016,15,
3,27,2016,0,
3,28,2016,0,
3,29,2016,0,
3,30,2016,0,
3,31,2016,0,
4,1,2016,0,
4,2,2016,0,
4,3,2016,0,
4,4,2016,0,
4,5,2016,0,
4,6,2016,0,
4,7,2016,0,
4,8,2016,0,
4,9,2016,0,
4,10,2016,0,
4,11,2016,0,
4,12,2016,0,
4,13,2016,0,
4,14,2016,0,
4,15,2016,0,
4,16,2016,0,
4,17,2016,0,
4,18,2016,0,
4,19,2016,0,
4,20,2016,0,
4,21,2016,0,
4,22,2016,0,
4,23,2016,0,
4,24,2016,0,
4,25,2016,0,
4,26,2016,0,
4,27,2016,0,
4,28,2016,0,
4,29,2016,0,
4,30,2016,0,
5,1,2016,0,
5,2,2016,0,
5,3,2016,0,
5,4,2016,0,
5,5,2016,0,
5,6,2016,0,
5,7,2016,0,
5,8,2016,0,
5,9,2016,0,
5,10,2016,0,
5,11,2016,0,
5,12,2016,0,
5,13,2016,0,
5,14,2016,0,
5,15,2016,0,
5,16,2016,0,
5,17,2016,0,
5,18,2016,0,
5,19,2016,0,
5,20,2016,0,
5,21,2016,0,
5,22,2016,0,
5,23,2016,0,
5,24,2016,0,
5,25,2016,0,
5,26,2016,0,
5,27,2016,0,
5,28,2016,0,
5,29,2016,0,
5,30,2016,0,
5,31,2016,0,
6,1,2016,0,
6,2,2016,0,
6,3,2016,0,
6,4,2016,0,
6,5,2016,0,
6,6,2016,0,
6,7,2016,0,
6,8,2016,0,
6,9,2016,0,
6,10,2016,0,
6,11,2016,0,
6,12,2016,0,
6,13,2016,0,
6,14,2016,0,
6,15,2016,0,
6,16,2016,0,
6,17,2016,0,
6,18,2016,0,
6,19,2016,0,
6,20,2016,0,
6,21,2016,0,
6,22,2016,0,
6,23,2016,0,
6,24,2016,0,
6,25,2016,0,
6,26,2016,0,
6,27,2016,0,
6,28,2016,0,
6,29,2016,0,
6,30,2016,0,
7,1,2016,0,
7,2,2016,0,
7,3,2016,0,
7,4,2016,0,
7,5,2016,0,
7,6,2016,0,
7,7,2016,0,
7,8,2016,0,
7,9,2016,0,
7,10,2016,0,
7,11,2016,0,
7,12,2016,0,
7,13,2016,0,
7,14,2016,0,
7,15,2016,0,
7,16,2016,0,
7,17,2016,0,
7,18,2016,0,
7,19,2016,0,
7,20,2016,0,
7,21,2016,0,
7,22,2016,0,
7,23,2016,0,
7,24,2016,0,
7,25,2016,0,
7,26,2016,0,
7,27,2016,0,
7,28,2016,0,
7,29,2016,0,
7,30,2016,0,
7,31,2016,0,
8,1,2016,0,
8,2,2016,0,
8,3,2016,0,
8,4,2016,0,
8,5,2016,0,
8,6,2016,0,
8,7,2016,0,
8,8,2016,0,
8,9,2016,0,
8,10,2016,0,
8,11,2016,0,
8,12,2016,0,
8,13,2016,0,
8,14,2016,0,
8,15,2016,0,
8,16,2016,0,
8,17,2016,0,
8,18,2016,0,
8,19,2016,0,
8,20,2016,0,
8,21,2016,0,
8,22,2016,0,
8,23,2016,0,
8,24,2016,0,
8,25,2016,0,
8,26,2016,0,
8,27,2016,0,
8,28,2016,0,
8,29,2016,0,
8,30,2016,0,
8,31,2016,0,
9,1,2016,0,
9,2,2016,0,
9,3,2016,0,
9,4,2016,0,
9,5,2016,0,
9,6,2016,0,
9,7,2016,0,
9,8,2016,0,
9,9,2016,0,
9,10,2016,0,
9,11,2016,0,
9,12,2016,0,
9,13,2016,0,
9,14,2016,0,
9,15,2016,0,
9,16,2016,0,
9,17,2016,0,
9,18,2016,0,
9,19,2016,0,
9,20,2016,0,
9,21,2016,0,
9,22,2016,0,
9,23,2016,0,
9,24,2016,0,
9,25,2016,0,
9,26,2016,0,
9,27,2016,0,
9,28,2016,0,
9,29,2016,0,
9,30,2016,0,
10,1,2016,0,
10,2,2016,0,
10,3,2016,0,
10,4,2016,0,
10,5,2016,0,
10,6,2016,0,
10,7,2016,0,
10,8,2016,0,
10,9,2016,0,
10,10,2016,0,
10,11,2016,0,
10,12,2016,0,
10,13,2016,0,
10,14,2016,0,
10,15,2016,0,
10,16,2016,0,
10,17,2016,0,
10,18,2016,0,
10,19,2016,0,
10,20,2016,0,
10,21,2016,0,
10,22,2016,0,
10,23,2016,0,
10,24,2016,0,
10,25,2016,0,
10,26,2016,0,
10,27,2016,0,
10,28,2016,0,
10,29,2016,0,
10,30,2016,0,
10,31,2016,0,
11,1,2016,0,
11,2,2016,0,
11,3,2016,0,
11,4,2016,0,
11,5,2016,0,
11,6,2016,0,
11,7,2016,0,
11,8,2016,0,
11,9,2016,0,
11,10,2016,0,
11,11,2016,0,
11,12,2016,0,
11,13,2016,0,
11,14,2016,0,
11,15,2016,0,
11,16,2016,0,
11,17,2016,0,
11,18,2016,3,
11,19,2016,43,
11,20,2016,38,
11,21,2016,32,
11,22,2016,0,
11,23,2016,7,
11,24,2016,4,
11,25,2016,8,
11,26,2016,0,
11,27,2016,0,
11,28,2016,0,
11,29,2016,2,
11,30,2016,0,
12,1,2016,26,
12,2,2016,36,
12,3,2016,10,
12,4,2016,10,
12,5,2016,38,
12,6,2016,58,
12,7,2016,58,
12,8,2016,87,
12,9,2016,85,
12,10,2016,55,
12,11,2016,56,
12,12,2016,100,
12,13,2016,117,
12,14,2016,109,
12,15,2016,102,
12,16,2016,101,
12,17,2016,126,
12,18,2016,130,
12,19,2016,126,
12,20,2016,124,
12,21,2016,114,
12,22,2016,111,
12,23,2016,105,
12,24,2016,90,
12,25,2016,89,
12,26,2016,71,
12,27,2016,60,
12,28,2016,67,
12,29,2016,58,
12,30,2016,55,
12,31,2016,67,
1,1,2017,65,
1,2,2017,67,
1,3,2017,219,
1,4,2017,281,
1,5,2017,273,
1,6,2017,266,
1,7,2017,261,
1,8,2017,256,
1,9,2017,263,
1,10,2017,262,
1,11,2017,311,
1,12,2017,317,
1,13,2017,307,
1,14,2017,301,
1,15,2017,295,
1,16,2017,287,
1,17,2017,282,
1,18,2017,277,
1,19,2017,272,
1,20,2017,255,
1,21,2017,217,
1,22,2017,192,
1,23,2017,194,
1,24,2017,145,
1,25,2017,150,
1,26,2017,157,
1,27,2017,159,
1,28,2017,157,
1,29,2017,158,
1,30,2017,162,
1,31,2017,138,
2,1,2017,138,
2,2,2017,101,
2,3,2017,99,
2,4,2017,98,
2,5,2017,100,
2,6,2017,100,
2,7,2017,142,
2,8,2017,143,
2,9,2017,140,
2,10,2017,138,
2,11,2017,69,
2,12,2017,70,
2,13,2017,68,
2,14,2017,66,
2,15,2017,63,
2,16,2017,62,
2,17,2017,47,
2,18,2017,0,
2,19,2017,0,
2,20,2017,0,
2,21,2017,0,
2,22,2017,0,
2,23,2017,2,
2,24,2017,0,
2,25,2017,0,
2,26,2017,0,
2,27,2017,18,
2,28,2017,15,
3,1,2017,14,
3,2,2017,11,
3,3,2017,9,
3,4,2017,0,
3,5,2017,0,
3,6,2017,0,
3,7,2017,0,
3,8,2017,0,
3,9,2017,0,
3,10,2017,0,
3,11,2017,0,
3,12,2017,0,
3,13,2017,16,
3,14,2017,13,
3,15,2017,10,
3,16,2017,0,
3,17,2017,0,
3,18,2017,0,
3,19,2017,0,
3,20,2017,0,
3,21,2017,0,
3,22,2017,0,
3,23,2017,0,
3,24,2017,0,
3,25,2017,0,
3,26,2017,0,
3,27,2017,0,
3,28,2017,0,
3,29,2017,0,
3,30,2017,0,
3,31,2017,0,
4,1,2017,0,
4,2,2017,0,
4,3,2017,0,
4,4,2017,0,
4,5,2017,0,
4,6,2017,0,
4,7,2017,0,
4,8,2017,0,
4,9,2017,0,
4,10,2017,0,
4,11,2017,0,
4,12,2017,0,
4,13,2017,0,
4,14,2017,0,
4,15,2017,0,
4,16,2017,0,
4,17,2017,0,
4,18,2017,0,
4,19,2017,0,
4,20,2017,0,
4,21,2017,0,
4,22,2017,0,
4,23,2017,0,
4,24,2017,0,
4,25,2017,0,
4,26,2017,0,
4,27,2017,59,
4,28,2017,37,
4,29,2017,0,
4,30,2017,0,
5,1,2017,0,
5,2,2017,0,
5,3,2017,0,
5,4,2017,0,
5,5,2017,0,
5,6,2017,0,
5,7,2017,0,
5,8,2017,0,
5,9,2017,0,
5,10,2017,0,
5,11,2017,0,
5,12,2017,0,
5,13,2017,0,
5,14,2017,0,
5,15,2017,0,
5,16,2017,0,
5,17,2017,0,
5,18,2017,0,
5,19,2017,0,
5,20,2017,0,
5,21,2017,0,
5,22,2017,0,
5,23,2017,0,
5,24,2017,0,
5,25,2017,0,
5,26,2017,0,
5,27,2017,0,
5,28,2017,0,
5,29,2017,0,
5,30,2017,0,
5,31,2017,0,
6,1,2017,0,
6,2,2017,0,
6,3,2017,0,
6,4,2017,0,
6,5,2017,0,
6,6,2017,0,
6,7,2017,0,
6,8,2017,0,
6,9,2017,0,
6,10,2017,0,
6,11,2017,0,
6,12,2017,0,
6,13,2017,0,
6,14,2017,0,
6,15,2017,0,
6,16,2017,0,
6,17,2017,0,
6,18,2017,0,
6,19,2017,0,
6,20,2017,0,
6,21,2017,0,
6,22,2017,0,
6,23,2017,0,
6,24,2017,0,
6,25,2017,0,
6,26,2017,0,
6,27,2017,0,
6,28,2017,0,
6,29,2017,0,
6,30,2017,0,
7,1,2017,0,
7,2,2017,0,
7,3,2017,0,
7,4,2017,0,
7,5,2017,0,
7,6,2017,0,
7,7,2017,0,
7,8,2017,0,
7,9,2017,0,
7,10,2017,0,
7,11,2017,0,
7,12,2017,0,
7,13,2017,0,
7,14,2017,0,
7,15,2017,0,
7,16,2017,0,
7,17,2017,0,
7,18,2017,0,
7,19,2017,0,
7,20,2017,0,
7,21,2017,0,
7,22,2017,0,
7,23,2017,0,
7,24,2017,0,
7,25,2017,0,
7,26,2017,0,
7,27,2017,0,
7,28,2017,0,
7,29,2017,0,
7,30,2017,0,
7,31,2017,0,
8,1,2017,0,
8,2,2017,0,
8,3,2017,0,
8,4,2017,0,
8,5,2017,0,
8,6,2017,0,
8,7,2017,0,
8,8,2017,0,
8,9,2017,0,
8,10,2017,0,
8,11,2017,0,
8,12,2017,0,
8,13,2017,0,
8,14,2017,0,
8,15,2017,0,
8,16,2017,0,
8,17,2017,0,
8,18,2017,0,
8,19,2017,0,
8,20,2017,0,
8,21,2017,0,
8,22,2017,0,
8,23,2017,0,
8,24,2017,0,
8,25,2017,0,
8,26,2017,0,
8,27,2017,0,
8,28,2017,0,
8,29,2017,0,
8,30,2017,0,
8,31,2017,0,
9,1,2017,0,
9,2,2017,0,
9,3,2017,0,
9,4,2017,0,
9,5,2017,0,
9,6,2017,0,
9,7,2017,0,
9,8,2017,0,
9,9,2017,0,
9,10,2017,0,
9,11,2017,0,
9,12,2017,0,
9,13,2017,0,
9,14,2017,0,
9,15,2017,0,
9,16,2017,0,
9,17,2017,0,
9,18,2017,0,
9,19,2017,0,
9,20,2017,0,
9,21,2017,0,
9,22,2017,0,
9,23,2017,0,
9,24,2017,0,
9,25,2017,0,
9,26,2017,0,
9,27,2017,0,
9,28,2017,0,
9,29,2017,0,
9,30,2017,0,
10,1,2017,0,
10,2,2017,0,
10,3,2017,0,
10,4,2017,0,
10,5,2017,0,
10,6,2017,0,
10,7,2017,0,
10,8,2017,0,
10,9,2017,0,
10,10,2017,0,
10,11,2017,0,
10,12,2017,0,
10,13,2017,0,
10,14,2017,0,
10,15,2017,0,
10,16,2017,0,
10,17,2017,0,
10,18,2017,0,
10,19,2017,0,
10,20,2017,0,
10,21,2017,0,
10,22,2017,0,
10,23,2017,0,
10,24,2017,0,
10,25,2017,0,
10,26,2017,0,
10,27,2017,20,
10,28,2017,18,
10,29,2017,17,
10,30,2017,0,
10,31,2017,0,
11,1,2017,0,
11,2,2017,71,
11,3,2017,15,
11,4,2017,92,
11,5,2017,106,
11,6,2017,102,
11,7,2017,10,
11,8,2017,8,
11,9,2017,39,
11,10,2017,35,
11,11,2017,26,
11,12,2017,27,
11,13,2017,28,
11,14,2017,0,
11,15,2017,0,
11,16,2017,0,
11,17,2017,0,
11,18,2017,0,
11,19,2017,0,
11,20,2017,0,
11,21,2017,0,
11,22,2017,0,
11,23,2017,0,
11,24,2017,0,
11,25,2017,0,
11,26,2017,0,
11,27,2017,0,
11,28,2017,0,
11,29,2017,0,
11,30,2017,0,
12,1,2017,0,
12,2,2017,0,
12,3,2017,0,
12,4,2017,0,
12,5,2017,86,
12,6,2017,75,
12,7,2017,67,
12,8,2017,63,
12,9,2017,34,
12,10,2017,32,
12,11,2017,52,
12,12,2017,34,
12,13,2017,37,
12,14,2017,33,
12,15,2017,49,
12,16,2017,91,
12,17,2017,93,
12,18,2017,90,
12,19,2017,109,
12,20,2017,102,
12,21,2017,118,
12,22,2017,120,
12,23,2017,136,
12,24,2017,127,
12,25,2017,124,
12,26,2017,119,
12,27,2017,116,
12,28,2017,114,
12,29,2017,125,
12,30,2017,122,
12,31,2017,120,
1,1,2018,118,
1,2,2018,116,
1,3,2018,121,
1,4,2018,139,
1,5,2018,145,
1,6,2018,143,
1,7,2018,138,
1,8,2018,134,
1,9,2018,132,
1,10,2018,155,
1,11,2018,214,
1,12,2018,217,
1,13,2018,212,
1,14,2018,209,
1,15,2018,221,
1,16,2018,221,
1,17,2018,182,
1,18,2018,174,
1,19,2018,169,
1,20,2018,137,
1,21,2018,137,
1,22,2018,137,
1,23,2018,139,
1,24,2018,152,
1,25,2018,156,
1,26,2018,156,
1,27,2018,154,
1,28,2018,153,
1,29,2018,152,
1,30,2018,151,
1,31,2018,146,
2,1,2018,149,
2,2,2018,148,
2,3,2018,147,
2,4,2018,201,
2,5,2018,196,
2,6,2018,187,
2,7,2018,196,
2,8,2018,193,
2,9,2018,190,
2,10,2018,187,
2,11,2018,184,
2,12,2018,181,
2,13,2018,179,
2,14,2018,175,
2,15,2018,170,
2,16,2018,175,
2,17,2018,169,
2,18,2018,165,
2,19,2018,243,
2,20,2018,241,
2,21,2018,251,
2,22,2018,245,
2,23,2018,267,
2,24,2018,280,
2,25,2018,360,
2,26,2018,345,
2,27,2018,369,
2,28,2018,360,
3,1,2018,352,
3,2,2018,345,
3,3,2018,348,
3,4,2018,272,
3,5,2018,236,
3,6,2018,295,
3,7,2018,289,
3,8,2018,286,
3,9,2018,285,
3,10,2018,342,
3,11,2018,341,
3,12,2018,344,
3,13,2018,291,
3,14,2018,289,
3,15,2018,286,
3,16,2018,282,
3,17,2018,277,
3,18,2018,276,
3,19,2018,276,
3,20,2018,351,
3,21,2018,366,
3,22,2018,250,
3,23,2018,248,
3,24,2018,304,
3,25,2018,392,
3,26,2018,396,
3,27,2018,275,
3,28,2018,140,
3,29,2018,119,
3,30,2018,119,
3,31,2018,194,
4,1,2018,206,
4,2,2018,199,
4,3,2018,231,
4,4,2018,224,
4,5,2018,218,
4,6,2018,257,
4,7,2018,248,
4,8,2018,244,
4,9,2018,279,
4,10,2018,276,
4,11,2018,209,
4,12,2018,227,
4,13,2018,195,
4,14,2018,186,
4,15,2018,177,
4,16,2018,171,
4,17,2018,140,
4,18,2018,104,
4,19,2018,0,
4,20,2018,0,
4,21,2018,0,
4,22,2018,0,
4,23,2018,0,
4,24,2018,0,
4,25,2018,0,
4,26,2018,0,
4,27,2018,0,
4,28,2018,0,
4,29,2018,0,
4,30,2018,0,
5,1,2018,0,
5,2,2018,0,
5,3,2018,0,
5,4,2018,0,
5,5,2018,0,
5,6,2018,0,
5,7,2018,0,
5,8,2018,0,
5,9,2018,0,
5,10,2018,0,
5,11,2018,0,
5,12,2018,0,
5,13,2018,0,
5,14,2018,0,
5,15,2018,0,
5,16,2018,0,
5,17,2018,0,
5,18,2018,0,
5,19,2018,0,
5,20,2018,0,
5,21,2018,0,
5,22,2018,0,
5,23,2018,0,
5,24,2018,0,
5,25,2018,0,
5,26,2018,0,
5,27,2018,0,
5,28,2018,0,
5,29,2018,0,
5,30,2018,0,
5,31,2018,0,
6,1,2018,0,
6,2,2018,0,
6,3,2018,0,
6,4,2018,0,
6,5,2018,0,
6,6,2018,0,
6,7,2018,0,
6,8,2018,0,
6,9,2018,0,
6,10,2018,0,
6,11,2018,0,
6,12,2018,0,
6,13,2018,0,
6,14,2018,0,
6,15,2018,0,
6,16,2018,0,
6,17,2018,0,
6,18,2018,0,
6,19,2018,0,
6,20,2018,0,
6,21,2018,0,
6,22,2018,0,
6,23,2018,0,
6,24,2018,0,
6,25,2018,0,
6,26,2018,0,
6,27,2018,0,
6,28,2018,0,
6,29,2018,0,
6,30,2018,0,
7,1,2018,0,
7,2,2018,0,
7,3,2018,0,
7,4,2018,0,
7,5,2018,0,
7,6,2018,0,
7,7,2018,0,
7,8,2018,0,
7,9,2018,0,
7,10,2018,0,
7,11,2018,0,
7,12,2018,0,
7,13,2018,0,
7,14,2018,0,
7,15,2018,0,
7,16,2018,0,
7,17,2018,0,
7,18,2018,0,
7,19,2018,0,
7,20,2018,0,
7,21,2018,0,
7,22,2018,0,
7,23,2018,0,
7,24,2018,0,
7,25,2018,0,
7,26,2018,0,
7,27,2018,0,
7,28,2018,0,
7,29,2018,0,
7,30,2018,0,
7,31,2018,0,
8,1,2018,0,
8,2,2018,0,
8,3,2018,0,
8,4,2018,0,
8,5,2018,0,
8,6,2018,0,
8,7,2018,0,
8,8,2018,0,
8,9,2018,0,
8,10,2018,0,
8,11,2018,0,
8,12,2018,0,
8,13,2018,0,
8,14,2018,0,
8,15,2018,0,
8,16,2018,0,
8,17,2018,0,
8,18,2018,0,
8,19,2018,0,
8,20,2018,0,
8,21,2018,0,
8,22,2018,0,
8,23,2018,0,
8,24,2018,0,
8,25,2018,0,
8,26,2018,0,
8,27,2018,0,
8,28,2018,0,
8,29,2018,0,
8,30,2018,0,
8,31,2018,0,
9,1,2018,0,
9,2,2018,0,
9,3,2018,0,
9,4,2018,0,
9,5,2018,0,
9,6,2018,0,
9,7,2018,0,
9,8,2018,0,
9,9,2018,0,
9,10,2018,0,
9,11,2018,0,
9,12,2018,0,
9,13,2018,0,
9,14,2018,0,
9,15,2018,0,
9,16,2018,0,
9,17,2018,0,
9,18,2018,0,
9,19,2018,0,
9,20,2018,0,
9,21,2018,0,
9,22,2018,0,
9,23,2018,0,
9,24,2018,0,
9,25,2018,0,
9,26,2018,0,
9,27,2018,0,
9,28,2018,0,
9,29,2018,0,
9,30,2018,0,
10,1,2018,0,
10,2,2018,0,
10,3,2018,0,
10,4,2018,0,
10,5,2018,0,
10,6,2018,0,
10,7,2018,0,
10,8,2018,0,
10,9,2018,0,
10,10,2018,0,
10,11,2018,155,
10,12,2018,142,
10,13,2018,54,
10,14,2018,0,
10,15,2018,0,
10,16,2018,0,
10,17,2018,0,
10,18,2018,0,
10,19,2018,0,
10,20,2018,0,
10,21,2018,0,
10,22,2018,0,
10,23,2018,0,
10,24,2018,0,
10,25,2018,0,
10,26,2018,0,
10,27,2018,0,
10,28,2018,0,
10,29,2018,0,
10,30,2018,0,
10,31,2018,0,
11,1,2018,0,
11,2,2018,0,
11,3,2018,0,
11,4,2018,0,
11,5,2018,0,
11,6,2018,0,
11,7,2018,12,
11,8,2018,10,
11,9,2018,9,
11,10,2018,15,
11,11,2018,33,
11,12,2018,29,
11,13,2018,58,
11,14,2018,53,
11,15,2018,5,
11,16,2018,28,
11,17,2018,38,
11,18,2018,34,
11,19,2018,32,
11,20,2018,30,
11,21,2018,27,
11,22,2018,25,
11,23,2018,26,
11,24,2018,27,
11,25,2018,26,
11,26,2018,25,
11,27,2018,24,
11,28,2018,24,
11,29,2018,30,
11,30,2018,24,
12,1,2018,24,
12,2,2018,24,
12,3,2018,34,
12,4,2018,24,
12,5,2018,24,
12,6,2018,24,
12,7,2018,23,
12,8,2018,23,
12,9,2018,24,
12,10,2018,21,
12,11,2018,24,
12,12,2018,87,
12,13,2018,24,
12,14,2018,24,
12,15,2018,24,
12,16,2018,31,
12,17,2018,24,
12,18,2018,24,
12,19,2018,24,
12,20,2018,24,
12,21,2018,24,
12,22,2018,24,
12,23,2018,52,
12,24,2018,24,
12,25,2018,24,
12,26,2018,24,
12,27,2018,24,
12,28,2018,24,
12,29,2018,224,
12,30,2018,212,
12,31,2018,24,
1,1,2019,24,
1,2,2019,24,
1,3,2019,24,
1,4,2019,24,
1,5,2019,24,
1,6,2019,185,
1,7,2019,181,
1,8,2019,198,
1,9,2019,190,
1,10,2019,187,
1,11,2019,184,
1,12,2019,175,
1,13,2019,175,
1,14,2019,175,
1,15,2019,175,
1,16,2019,174,
1,17,2019,172,
1,18,2019,171,
1,19,2019,169,
1,20,2019,168,
1,21,2019,167,
1,22,2019,197,
1,23,2019,229,
1,24,2019,237,
1,25,2019,232,
1,26,2019,229,
1,27,2019,227,
1,28,2019,294,
1,29,2019,290,
1,30,2019,284,
1,31,2019,280,
2,1,2019,275,
2,2,2019,269,
2,3,2019,266,
2,4,2019,316,
2,5,2019,321,
2,6,2019,325,
2,7,2019,399,
2,8,2019,436,
2,9,2019,531,
2,10,2019,517,
2,11,2019,521,
2,12,2019,512,
2,13,2019,565,
2,14,2019,552,
2,15,2019,536,
2,16,2019,525,
2,17,2019,516,
2,18,2019,504,
2,19,2019,497,
2,20,2019,531,
2,21,2019,587,
2,22,2019,566,
2,23,2019,583,
2,24,2019,580,
2,25,2019,554,
2,26,2019,547,
2,27,2019,561,
2,28,2019,553,
3,1,2019,544,
3,2,2019,553,
3,3,2019,545,
3,4,2019,538,
3,5,2019,527,
3,6,2019,517,
3,7,2019,512,
3,8,2019,579,
3,9,2019,573,
3,10,2019,762,
3,11,2019,736,
3,12,2019,716,
3,13,2019,673,
3,14,2019,773,
3,15,2019,757,
3,16,2019,733,
3,17,2019,721,
3,18,2019,708,
3,19,2019,695,
3,20,2019,685,
3,21,2019,559,
3,22,2019,513,
3,23,2019,493,
3,24,2019,462,
3,25,2019,456,
3,26,2019,434,
3,27,2019,423,
3,28,2019,360,
3,29,2019,290,
3,30,2019,243,
3,31,2019,240,
4,1,2019,234,
4,2,2019,164,
4,3,2019,128,
4,4,2019,121,
4,5,2019,73,
4,6,2019,48,
4,7,2019,0,
4,8,2019,0,
4,9,2019,0,
4,10,2019,0,
4,11,2019,0,
4,12,2019,154,
4,13,2019,165,
4,14,2019,143,
4,15,2019,58,
4,16,2019,0,
4,17,2019,0,
4,18,2019,0,
4,19,2019,0,
4,20,2019,0,
4,21,2019,0,
4,22,2019,0,
4,23,2019,0,
4,24,2019,0,
4,25,2019,0,
4,26,2019,0,
4,27,2019,0,
4,28,2019,0,
4,29,2019,0,
4,30,2019,0,
5,1,2019,0,
5,2,2019,0,
5,3,2019,0,
5,4,2019,0,
5,5,2019,0,
5,6,2019,0,
5,7,2019,0,
5,8,2019,0,
5,9,2019,0,
5,10,2019,0,
5,11,2019,0,
5,12,2019,0,
5,13,2019,0,
5,14,2019,0,
5,15,2019,0,
5,16,2019,0,
5,17,2019,0,
5,18,2019,0,
5,19,2019,0,
5,20,2019,0,
5,21,2019,0,
5,22,2019,0,
5,23,2019,0,
5,24,2019,0,
5,25,2019,0,
5,26,2019,0,
5,27,2019,0,
5,28,2019,0,
5,29,2019,0,
5,30,2019,0,
5,31,2019,0,
6,1,2019,0,
6,2,2019,0,
6,3,2019,0,
6,4,2019,0,
6,5,2019,0,
6,6,2019,0,
6,7,2019,0,
6,8,2019,0,
6,9,2019,0,
6,10,2019,0,
6,11,2019,0,
6,12,2019,0,
6,13,2019,0,
6,14,2019,0,
6,15,2019,0,
6,16,2019,0,
6,17,2019,0,
6,18,2019,0,
6,19,2019,0,
6,20,2019,0,
6,21,2019,0,
6,22,2019,0,
6,23,2019,0,
6,24,2019,0,
6,25,2019,0,
6,26,2019,0,
6,27,2019,0,
6,28,2019,0,
6,29,2019,0,
6,30,2019,0,
7,1,2019,0,
7,2,2019,0,
7,3,2019,0,
7,4,2019,0,
7,5,2019,0,
7,6,2019,0,
7,7,2019,0,
7,8,2019,0,
7,9,2019,0,
7,10,2019,0,
7,11,2019,0,
7,12,2019,0,
7,13,2019,0,
7,14,2019,0,
7,15,2019,0,
7,16,2019,0,
7,17,2019,0,
7,18,2019,0,
7,19,2019,0,
7,20,2019,0,
7,21,2019,0,
7,22,2019,0,
7,23,2019,0,
7,24,2019,0,
7,25,2019,0,
7,26,2019,0,
7,27,2019,0,
7,28,2019,0,
7,29,2019,0,
7,30,2019,0,
7,31,2019,0,
8,1,2019,0,
8,2,2019,0,
8,3,2019,0,
8,4,2019,0,
8,5,2019,0,
8,6,2019,0,
8,7,2019,0,
8,8,2019,0,
8,9,2019,0,
8,10,2019,0,
8,11,2019,0,
8,12,2019,0,
8,13,2019,0,
8,14,2019,0,
8,15,2019,0,
8,16,2019,0,
8,17,2019,0,
8,18,2019,0,
8,19,2019,0,
8,20,2019,0,
8,21,2019,0,
8,22,2019,0,
8,23,2019,0,
8,24,2019,0,
8,25,2019,0,
8,26,2019,0,
8,27,2019,0,
8,28,2019,0,
8,29,2019,0,
8,30,2019,0,
8,31,2019,0,
9,1,2019,0,
9,2,2019,0,
9,3,2019,0,
9,4,2019,0,
9,5,2019,0,
9,6,2019,0,
9,7,2019,0,
9,8,2019,0,
9,9,2019,0,
9,10,2019,0,
9,11,2019,0,
9,12,2019,0,
9,13,2019,0,
9,14,2019,0,
9,15,2019,0,
9,16,2019,0,
9,17,2019,0,
9,18,2019,0,
9,19,2019,0,
9,20,2019,0,
9,21,2019,0,
9,22,2019,0,
9,23,2019,0,
9,24,2019,0,
9,25,2019,0,
9,26,2019,0,
9,27,2019,0,
9,28,2019,0,
9,29,2019,0,
9,30,2019,0,
10,1,2019,0,
10,2,2019,0,
10,3,2019,0,
10,4,2019,0,
10,5,2019,0,
10,6,2019,0,
10,7,2019,0,
10,8,2019,0,
10,9,2019,0,
10,10,2019,0,
10,11,2019,0,
10,12,2019,125,
10,13,2019,132,
10,14,2019,124,
10,15,2019,0,
10,16,2019,0,
10,17,2019,0,
10,18,2019,0,
10,19,2019,0,
10,20,2019,0,
10,21,2019,0,
10,22,2019,0,
10,23,2019,0,
10,24,2019,0,
10,25,2019,0,
10,26,2019,0,
10,27,2019,0,
10,28,2019,0,
10,29,2019,0,
10,30,2019,0,
10,31,2019,0,
11,1,2019,0,
11,2,2019,6,
11,3,2019,4,
11,4,2019,5,
11,5,2019,3,
11,6,2019,3,
11,7,2019,1,
11,8,2019,1,
11,9,2019,0,
11,10,2019,49,
11,11,2019,45,
11,12,2019,42,
11,13,2019,35,
11,14,2019,40,
11,15,2019,2,
11,16,2019,1,
11,17,2019,0,
11,18,2019,0,
11,19,2019,0,
11,20,2019,0,
11,21,2019,10,
11,22,2019,12,
11,23,2019,0,
11,24,2019,0,
11,25,2019,0,
11,26,2019,0,
11,27,2019,0,
11,28,2019,0,
11,29,2019,0,
11,30,2019,0,
12,1,2019,178,
12,2,2019,203,
12,3,2019,185,
12,4,2019,204,
12,5,2019,190,
12,6,2019,180,
12,7,2019,214,
12,8,2019,205,
12,9,2019,281,
12,10,2019,289,
12,11,2019,278,
12,12,2019,273,
12,13,2019,284,
12,14,2019,296,
12,15,2019,286,
12,16,2019,279,
12,17,2019,270,
12,18,2019,263,
12,19,2019,256,
12,20,2019,252,
12,21,2019,249,
12,22,2019,243,
12,23,2019,239,
12,24,2019,212,
12,25,2019,211,
12,26,2019,215,
12,27,2019,225,
12,28,2019,221,
12,29,2019,287,
12,30,2019,504,
12,31,2019,389,
1,1,2020,370,
1,2,2020,358,
1,3,2020,346,
1,4,2020,341,
1,5,2020,331,
1,6,2020,318,
1,7,2020,309,
1,8,2020,302,
1,9,2020,297,
1,10,2020,292,
1,11,2020,287,
1,12,2020,285,
1,13,2020,280,
1,14,2020,280,
1,15,2020,280,
1,16,2020,322,
1,17,2020,317,
1,18,2020,524,
1,19,2020,540,
1,20,2020,525,
1,21,2020,514,
1,22,2020,496,
1,23,2020,486,
1,24,2020,480,
1,25,2020,474,
1,26,2020,468,
1,27,2020,466,
1,28,2020,461,
1,29,2020,457,
1,30,2020,454,
1,31,2020,454,
2,1,2020,450,
2,2,2020,398,
2,3,2020,357,
2,4,2020,353,
2,5,2020,352,
2,6,2020,349,
2,7,2020,352,
2,8,2020,351,
2,9,2020,350,
2,10,2020,349,
2,11,2020,354,
2,12,2020,351,
2,13,2020,354,
2,14,2020,353,
2,15,2020,352,
2,16,2020,350,
2,17,2020,348,
2,18,2020,385,
2,19,2020,382,
2,20,2020,381,
2,21,2020,377,
2,22,2020,374,
2,23,2020,371,
2,24,2020,338,
2,25,2020,337,
2,26,2020,334,
2,27,2020,333,
2,28,2020,333,
2,29,2020,336,
3,1,2020,335,
3,2,2020,326,
3,3,2020,323,
3,4,2020,321,
3,5,2020,320,
3,6,2020,317,
3,7,2020,313,
3,8,2020,278,
3,9,2020,264,
3,10,2020,262,
3,11,2020,262,
3,12,2020,244,
3,13,2020,244,
3,14,2020,242,
3,15,2020,241,
3,16,2020,240,
3,17,2020,247,
3,18,2020,245,
3,19,2020,256,
3,20,2020,268,
3,21,2020,266,
3,22,2020,264,
3,23,2020,264,
3,24,2020,239,
3,25,2020,146,
3,26,2020,146,
3,27,2020,121,
3,28,2020,86,
3,29,2020,52,
3,30,2020,0,
3,31,2020,0,
4,1,2020,0,
4,2,2020,0,
4,3,2020,94,
4,4,2020,83,
4,5,2020,74,
4,6,2020,3,
4,7,2020,0,
4,8,2020,0,
4,9,2020,0,
4,10,2020,0,
4,11,2020,0,
4,12,2020,0,
4,13,2020,0,
4,14,2020,18,
4,15,2020,14,
4,16,2020,0,
4,17,2020,0,
4,18,2020,0,
4,19,2020,0,
4,20,2020,0,
4,21,2020,0,
4,22,2020,0,
4,23,2020,0,
4,24,2020,0,
4,25,2020,0,
4,26,2020,0,
4,27,2020,0,
4,28,2020,0,
4,29,2020,0,
4,30,2020,0,
5,1,2020,0,
5,2,2020,0,
5,3,2020,0,
5,4,2020,0,
5,5,2020,0,
5,6,2020,0,
5,7,2020,0,
5,8,2020,0,
5,9,2020,0,
5,10,2020,0,
5,11,2020,0,
5,12,2020,0,
5,13,2020,0,
5,14,2020,0,
5,15,2020,0,
5,16,2020,0,
5,17,2020,0,
5,18,2020,0,
5,19,2020,0,
5,20,2020,0,
5,21,2020,0,
5,22,2020,0,
5,23,2020,0,
5,24,2020,0,
5,25,2020,0,
5,26,2020,0,
5,27,2020,0,
5,28,2020,0,
5,29,2020,0,
5,30,2020,0,
5,31,2020,0,
6,1,2020,0,
6,2,2020,0,
6,3,2020,0,
6,4,2020,0,
6,5,2020,0,
6,6,2020,0,
6,7,2020,0,
6,8,2020,0,
6,9,2020,0,
6,10,2020,0,
6,11,2020,0,
6,12,2020,0,
6,13,2020,0,
6,14,2020,0,
6,15,2020,0,
6,16,2020,0,
6,17,2020,0,
6,18,2020,0,
6,19,2020,0,
6,20,2020,0,
6,21,2020,0,
6,22,2020,0,
6,23,2020,0,
6,24,2020,0,
6,25,2020,0,
6,26,2020,0,
6,27,2020,0,
6,28,2020,0,
6,29,2020,0,
6,30,2020,0,
7,1,2020,0,
7,2,2020,0,
7,3,2020,0,
7,4,2020,0,
7,5,2020,0,
7,6,2020,0,
7,7,2020,0,
7,8,2020,0,
7,9,2020,0,
7,10,2020,0,
7,11,2020,0,
7,12,2020,0,
7,13,2020,0,
7,14,2020,0,
7,15,2020,0,
7,16,2020,0,
7,17,2020,0,
7,18,2020,0,
7,19,2020,0,
7,20,2020,0,
7,21,2020,0,
7,22,2020,0,
7,23,2020,0,
7,24,2020,0,
7,25,2020,0,
7,26,2020,0,
7,27,2020,0,
7,28,2020,0,
7,29,2020,0,
7,30,2020,0,
7,31,2020,0,
8,1,2020,0,
8,2,2020,0,
8,3,2020,0,
8,4,2020,0,
8,5,2020,0,
8,6,2020,0,
8,7,2020,0,
8,8,2020,0,
8,9,2020,0,
8,10,2020,0,
8,11,2020,0,
8,12,2020,0,
8,13,2020,0,
8,14,2020,0,
8,15,2020,0,
8,16,2020,0,
8,17,2020,0,
8,18,2020,0,
8,19,2020,0,
8,20,2020,0,
8,21,2020,0,
8,22,2020,0,
8,23,2020,0,
8,24,2020,0,
8,25,2020,0,
8,26,2020,0,
8,27,2020,0,
8,28,2020,0,
8,29,2020,0,
8,30,2020,0,
8,31,2020,0,
9,1,2020,0,
9,2,2020,0,
9,3,2020,0,
9,4,2020,0,
9,5,2020,0,
9,6,2020,0,
9,7,2020,0,
9,8,2020,0,
9,9,2020,0,
9,10,2020,0,
9,11,2020,0,
9,12,2020,0,
9,13,2020,0,
9,14,2020,0,
9,15,2020,0,
9,16,2020,0,
9,17,2020,0,
9,18,2020,0,
9,19,2020,0,
9,20,2020,0,
9,21,2020,0,
9,22,2020,0,
9,23,2020,0,
9,24,2020,0,
9,25,2020,0,
9,26,2020,0,
9,27,2020,0,
9,28,2020,0,
9,29,2020,0,
9,30,2020,0,
10,1,2020,0,
10,2,2020,0,
10,3,2020,0,
10,4,2020,0,
10,5,2020,0,
10,6,2020,0,
10,7,2020,0,
10,8,2020,0,
10,9,2020,0,
10,10,2020,0,
10,11,2020,0,
10,12,2020,0,
10,13,2020,0,
10,14,2020,0,
10,15,2020,0,
10,16,2020,0,
10,17,2020,0,
10,18,2020,51,
10,19,2020,42,
10,20,2020,40,
10,21,2020,163,
10,22,2020,142,
10,23,2020,182,
10,24,2020,129,
10,25,2020,124,
10,26,2020,119,
10,27,2020,113,
10,28,2020,107,
10,29,2020,34,
10,30,2020,51,
10,31,2020,0,
11,1,2020,0,
11,2,2020,0,
11,3,2020,0,
11,4,2020,0,
11,5,2020,0,
11,6,2020,0,
11,7,2020,0,
11,8,2020,0,
11,9,2020,0,
11,10,2020,0,
11,11,2020,0,
11,12,2020,0,
11,13,2020,0,
11,14,2020,0,
11,15,2020,0,
11,16,2020,0,
11,17,2020,0,
11,18,2020,0,
11,19,2020,0,
11,20,2020,0,
11,21,2020,0,
11,22,2020,0,
11,23,2020,0,
11,24,2020,0,
11,25,2020,0,
11,26,2020,0,
11,27,2020,0,
11,28,2020,0,
11,29,2020,0,
11,30,2020,0,
12,1,2020,0,
12,2,2020,0,
12,3,2020,0,
12,4,2020,0,
12,5,2020,0,
12,6,2020,0,
12,7,2020,0,
12,8,2020,0,
12,9,2020,0,
12,10,2020,0,
12,11,2020,0,
12,12,2020,0,
12,13,2020,0,
12,14,2020,0,
12,15,2020,0,
12,16,2020,0,
12,17,2020,0,
12,18,2020,0,
12,19,2020,0,
12,20,2020,0,
12,21,2020,0,
12,22,2020,0,
12,23,2020,0,
12,24,2020,32,
12,25,2020,29,
12,26,2020,26,
12,27,2020,25,
12,28,2020,28,
12,29,2020,72,
12,30,2020,126,
12,31,2020,134,
1,1,2021,122,
1,2,2021,117,
1,3,2021,112,
1,4,2021,107,
1,5,2021,131,
1,6,2021,127,
1,7,2021,122,
1,8,2021,120,
1,9,2021,121,
1,10,2021,121,
1,11,2021,119,
1,12,2021,118,
1,13,2021,116,
