Month,Day,Year,"(mm) Snow Depth (SNODAS) at -97.0668E,47.8363N, 2003-10-01 to 2021-01-13",Flag
10,1,2003,0,
10,2,2003,0,
10,3,2003,0,
10,4,2003,0,
10,5,2003,0,
10,6,2003,0,
10,7,2003,0,
10,8,2003,0,
10,9,2003,0,
10,10,2003,0,
10,11,2003,0,
10,12,2003,0,
10,13,2003,0,
10,14,2003,0,
10,15,2003,0,
10,16,2003,0,
10,17,2003,0,
10,18,2003,0,
10,19,2003,0,
10,20,2003,0,
10,21,2003,0,
10,22,2003,0,
10,23,2003,0,
10,24,2003,0,
10,25,2003,0,
10,26,2003,0,
10,27,2003,0,
10,28,2003,0,
10,29,2003,0,
10,30,2003,0,e
10,31,2003,0,
11,1,2003,0,
11,2,2003,0,
11,3,2003,0,
11,4,2003,0,
11,5,2003,28,
11,6,2003,24,
11,7,2003,21,
11,8,2003,19,
11,9,2003,16,
11,10,2003,15,
11,11,2003,16,
11,12,2003,16,
11,13,2003,39,
11,14,2003,61,
11,15,2003,57,
11,16,2003,55,
11,17,2003,13,
11,18,2003,0,
11,19,2003,0,
11,20,2003,0,
11,21,2003,0,
11,22,2003,0,
11,23,2003,0,
11,24,2003,0,
11,25,2003,0,
11,26,2003,16,
11,27,2003,14,
11,28,2003,12,
11,29,2003,10,
11,30,2003,0,
12,1,2003,0,
12,2,2003,0,
12,3,2003,0,
12,4,2003,0,
12,5,2003,15,
12,6,2003,12,
12,7,2003,10,
12,8,2003,9,
12,9,2003,40,
12,10,2003,38,
12,11,2003,36,
12,12,2003,35,
12,13,2003,34,
12,14,2003,32,
12,15,2003,31,
12,16,2003,77,
12,17,2003,72,
12,18,2003,69,
12,19,2003,64,
12,20,2003,62,
12,21,2003,59,
12,22,2003,12,
12,23,2003,11,
12,24,2003,11,
12,25,2003,11,
12,26,2003,10,
12,27,2003,10,
12,28,2003,3,
12,29,2003,16,
12,30,2003,15,
12,31,2003,44,
1,1,2004,41,
1,2,2004,36,
1,3,2004,50,
1,4,2004,49,
1,5,2004,47,
1,6,2004,101,
1,7,2004,95,
1,8,2004,93,
1,9,2004,89,
1,10,2004,86,
1,11,2004,85,
1,12,2004,87,
1,13,2004,84,
1,14,2004,83,
1,15,2004,89,
1,16,2004,96,
1,17,2004,93,
1,18,2004,90,
1,19,2004,89,
1,20,2004,87,
1,21,2004,89,
1,22,2004,88,
1,23,2004,86,
1,24,2004,106,
1,25,2004,104,
1,26,2004,244,
1,27,2004,245,
1,28,2004,426,
1,29,2004,403,
1,30,2004,387,
1,31,2004,375,
2,1,2004,364,
2,2,2004,354,
2,3,2004,348,
2,4,2004,245,
2,5,2004,241,
2,6,2004,255,
2,7,2004,249,
2,8,2004,245,
2,9,2004,239,
2,10,2004,243,
2,11,2004,247,
2,12,2004,242,
2,13,2004,199,
2,14,2004,197,
2,15,2004,195,
2,16,2004,193,
2,17,2004,194,
2,18,2004,187,
2,19,2004,185,
2,20,2004,184,
2,21,2004,183,
2,22,2004,182,
2,23,2004,182,
2,24,2004,188,
2,25,2004,180,e
2,26,2004,173,
2,27,2004,170,
2,28,2004,116,
2,29,2004,114,
3,1,2004,115,
3,2,2004,86,
3,3,2004,112,
3,4,2004,139,
3,5,2004,139,
3,6,2004,158,
3,7,2004,157,
3,8,2004,155,
3,9,2004,171,
3,10,2004,104,
3,11,2004,82,
3,12,2004,81,
3,13,2004,79,
3,14,2004,70,
3,15,2004,72,
3,16,2004,71,
3,17,2004,104,
3,18,2004,104,
3,19,2004,104,
3,20,2004,26,
3,21,2004,19,
3,22,2004,19,
3,23,2004,13,
3,24,2004,12,
3,25,2004,0,
3,26,2004,0,
3,27,2004,0,
3,28,2004,0,
3,29,2004,0,
3,30,2004,0,
3,31,2004,0,
4,1,2004,0,
4,2,2004,0,
4,3,2004,0,
4,4,2004,0,
4,5,2004,0,
4,6,2004,0,
4,7,2004,0,
4,8,2004,0,
4,9,2004,0,
4,10,2004,0,
4,11,2004,0,
4,12,2004,0,
4,13,2004,0,
4,14,2004,0,
4,15,2004,0,
4,16,2004,0,
4,17,2004,0,
4,18,2004,0,
4,19,2004,0,
4,20,2004,0,
4,21,2004,0,
4,22,2004,0,
4,23,2004,0,
4,24,2004,0,
4,25,2004,0,
4,26,2004,0,
4,27,2004,0,
4,28,2004,0,
4,29,2004,0,
4,30,2004,0,
5,1,2004,0,
5,2,2004,0,
5,3,2004,0,
5,4,2004,0,
5,5,2004,0,
5,6,2004,0,
5,7,2004,0,
5,8,2004,0,
5,9,2004,0,
5,10,2004,0,
5,11,2004,0,
5,12,2004,0,
5,13,2004,0,
5,14,2004,0,
5,15,2004,0,
5,16,2004,0,
5,17,2004,0,
5,18,2004,0,
5,19,2004,0,
5,20,2004,0,
5,21,2004,0,
5,22,2004,0,
5,23,2004,0,
5,24,2004,0,
5,25,2004,0,
5,26,2004,0,
5,27,2004,0,
5,28,2004,0,
5,29,2004,0,
5,30,2004,0,
5,31,2004,0,
6,1,2004,0,
6,2,2004,0,
6,3,2004,0,
6,4,2004,0,
6,5,2004,0,
6,6,2004,0,
6,7,2004,0,
6,8,2004,0,
6,9,2004,0,
6,10,2004,0,
6,11,2004,0,
6,12,2004,0,
6,13,2004,0,
6,14,2004,0,
6,15,2004,0,
6,16,2004,0,
6,17,2004,0,
6,18,2004,0,
6,19,2004,0,
6,20,2004,0,
6,21,2004,0,
6,22,2004,0,
6,23,2004,0,
6,24,2004,0,
6,25,2004,0,
6,26,2004,0,
6,27,2004,0,
6,28,2004,0,
6,29,2004,0,
6,30,2004,0,
7,1,2004,0,
7,2,2004,0,
7,3,2004,0,
7,4,2004,0,
7,5,2004,0,
7,6,2004,0,
7,7,2004,0,
7,8,2004,0,
7,9,2004,0,
7,10,2004,0,
7,11,2004,0,
7,12,2004,0,
7,13,2004,0,
7,14,2004,0,
7,15,2004,0,
7,16,2004,0,
7,17,2004,0,
7,18,2004,0,
7,19,2004,0,
7,20,2004,0,
7,21,2004,0,
7,22,2004,0,
7,23,2004,0,
7,24,2004,0,
7,25,2004,0,
7,26,2004,0,
7,27,2004,0,
7,28,2004,0,
7,29,2004,0,
7,30,2004,0,
7,31,2004,0,
8,1,2004,0,
8,2,2004,0,
8,3,2004,0,
8,4,2004,0,
8,5,2004,0,
8,6,2004,0,
8,7,2004,0,
8,8,2004,0,
8,9,2004,0,
8,10,2004,0,
8,11,2004,0,
8,12,2004,0,
8,13,2004,0,
8,14,2004,0,
8,15,2004,0,
8,16,2004,0,
8,17,2004,0,
8,18,2004,0,
8,19,2004,0,
8,20,2004,0,
8,21,2004,0,
8,22,2004,0,
8,23,2004,0,
8,24,2004,0,
8,25,2004,0,
8,26,2004,0,
8,27,2004,0,
8,28,2004,0,
8,29,2004,0,
8,30,2004,0,
8,31,2004,0,e
9,1,2004,0,
9,2,2004,0,
9,3,2004,0,
9,4,2004,0,
9,5,2004,0,
9,6,2004,0,
9,7,2004,0,
9,8,2004,0,
9,9,2004,0,
9,10,2004,0,
9,11,2004,0,
9,12,2004,0,
9,13,2004,0,
9,14,2004,0,
9,15,2004,0,
9,16,2004,0,
9,17,2004,0,
9,18,2004,0,
9,19,2004,0,
9,20,2004,0,
9,21,2004,0,
9,22,2004,0,
9,23,2004,0,
9,24,2004,0,
9,25,2004,0,
9,26,2004,0,
9,27,2004,0,e
9,28,2004,0,
9,29,2004,0,
9,30,2004,0,
10,1,2004,0,
10,2,2004,0,
10,3,2004,0,
10,4,2004,0,
10,5,2004,0,
10,6,2004,0,
10,7,2004,0,
10,8,2004,0,
10,9,2004,0,
10,10,2004,0,
10,11,2004,0,
10,12,2004,0,
10,13,2004,0,
10,14,2004,0,
10,15,2004,0,
10,16,2004,0,
10,17,2004,0,
10,18,2004,0,
10,19,2004,0,
10,20,2004,0,
10,21,2004,0,
10,22,2004,0,
10,23,2004,0,
10,24,2004,0,
10,25,2004,0,
10,26,2004,0,
10,27,2004,0,
10,28,2004,0,
10,29,2004,0,
10,30,2004,0,
10,31,2004,0,
11,1,2004,0,
11,2,2004,0,
11,3,2004,0,
11,4,2004,0,
11,5,2004,0,
11,6,2004,0,
11,7,2004,0,
11,8,2004,0,
11,9,2004,0,
11,10,2004,0,
11,11,2004,0,
11,12,2004,0,
11,13,2004,0,
11,14,2004,0,
11,15,2004,0,
11,16,2004,0,
11,17,2004,0,
11,18,2004,0,
11,19,2004,0,
11,20,2004,0,
11,21,2004,0,
11,22,2004,0,
11,23,2004,0,
11,24,2004,0,
11,25,2004,0,
11,26,2004,0,
11,27,2004,0,
11,28,2004,0,
11,29,2004,0,
11,30,2004,0,
12,1,2004,0,
12,2,2004,0,
12,3,2004,1,
12,4,2004,0,
12,5,2004,0,
12,6,2004,0,
12,7,2004,35,
12,8,2004,33,
12,9,2004,26,
12,10,2004,47,
12,11,2004,54,
12,12,2004,51,
12,13,2004,32,
12,14,2004,58,
12,15,2004,54,
12,16,2004,38,
12,17,2004,36,
12,18,2004,7,
12,19,2004,5,
12,20,2004,8,
12,21,2004,18,
12,22,2004,15,
12,23,2004,15,
12,24,2004,37,
12,25,2004,34,
12,26,2004,31,
12,27,2004,28,
12,28,2004,28,
12,29,2004,27,
12,30,2004,28,
12,31,2004,129,
1,1,2005,120,
1,2,2005,149,
1,3,2005,140,
1,4,2005,190,
1,5,2005,182,
1,6,2005,178,
1,7,2005,173,
1,8,2005,167,
1,9,2005,163,
1,10,2005,173,
1,11,2005,217,
1,12,2005,213,
1,13,2005,256,
1,14,2005,247,
1,15,2005,241,
1,16,2005,236,
1,17,2005,232,
1,18,2005,228,
1,19,2005,192,
1,20,2005,187,
1,21,2005,185,
1,22,2005,272,
1,23,2005,262,
1,24,2005,252,
1,25,2005,233,
1,26,2005,226,
1,27,2005,252,
1,28,2005,247,
1,29,2005,242,
1,30,2005,238,
1,31,2005,234,
2,1,2005,231,
2,2,2005,131,
2,3,2005,129,
2,4,2005,127,
2,5,2005,125,
2,6,2005,125,
2,7,2005,123,
2,8,2005,122,
2,9,2005,91,
2,10,2005,91,
2,11,2005,89,
2,12,2005,87,
2,13,2005,87,
2,14,2005,87,
2,15,2005,87,
2,16,2005,86,
2,17,2005,85,
2,18,2005,85,
2,19,2005,83,
2,20,2005,83,
2,21,2005,104,
2,22,2005,104,
2,23,2005,104,
2,24,2005,103,
2,25,2005,56,
2,26,2005,56,
2,27,2005,58,
2,28,2005,66,
3,1,2005,66,
3,2,2005,65,
3,3,2005,65,
3,4,2005,63,
3,5,2005,62,
3,6,2005,20,
3,7,2005,6,
3,8,2005,2,
3,9,2005,0,
3,10,2005,0,
3,11,2005,0,
3,12,2005,0,
3,13,2005,0,
3,14,2005,0,
3,15,2005,0,
3,16,2005,9,
3,17,2005,5,
3,18,2005,0,
3,19,2005,0,
3,20,2005,0,
3,21,2005,0,
3,22,2005,0,
3,23,2005,0,
3,24,2005,0,
3,25,2005,3,
3,26,2005,0,
3,27,2005,0,
3,28,2005,0,
3,29,2005,0,
3,30,2005,0,
3,31,2005,0,
4,1,2005,0,
4,2,2005,0,
4,3,2005,0,
4,4,2005,0,
4,5,2005,0,
4,6,2005,0,
4,7,2005,0,
4,8,2005,0,
4,9,2005,0,
4,10,2005,0,
4,11,2005,0,
4,12,2005,0,
4,13,2005,0,
4,14,2005,0,
4,15,2005,0,
4,16,2005,0,
4,17,2005,0,
4,18,2005,0,
4,19,2005,0,
4,20,2005,0,
4,21,2005,0,
4,22,2005,0,
4,23,2005,0,
4,24,2005,0,
4,25,2005,0,
4,26,2005,0,
4,27,2005,0,
4,28,2005,0,
4,29,2005,0,
4,30,2005,0,
5,1,2005,0,
5,2,2005,0,
5,3,2005,0,
5,4,2005,0,
5,5,2005,0,
5,6,2005,0,
5,7,2005,0,
5,8,2005,0,
5,9,2005,0,
5,10,2005,0,
5,11,2005,0,
5,12,2005,0,
5,13,2005,0,
5,14,2005,0,
5,15,2005,0,
5,16,2005,0,
5,17,2005,0,
5,18,2005,0,
5,19,2005,0,
5,20,2005,0,
5,21,2005,0,
5,22,2005,0,
5,23,2005,0,
5,24,2005,0,
5,25,2005,0,
5,26,2005,0,
5,27,2005,0,
5,28,2005,0,
5,29,2005,0,
5,30,2005,0,
5,31,2005,0,
6,1,2005,0,
6,2,2005,0,
6,3,2005,0,
6,4,2005,0,
6,5,2005,0,
6,6,2005,0,
6,7,2005,0,
6,8,2005,0,
6,9,2005,0,
6,10,2005,0,
6,11,2005,0,
6,12,2005,0,
6,13,2005,0,
6,14,2005,0,
6,15,2005,0,
6,16,2005,0,
6,17,2005,0,
6,18,2005,0,
6,19,2005,0,
6,20,2005,0,
6,21,2005,0,
6,22,2005,0,
6,23,2005,0,
6,24,2005,0,
6,25,2005,0,e
6,26,2005,0,
6,27,2005,0,
6,28,2005,0,
6,29,2005,0,
6,30,2005,0,
7,1,2005,0,
7,2,2005,0,
7,3,2005,0,
7,4,2005,0,
7,5,2005,0,
7,6,2005,0,
7,7,2005,0,
7,8,2005,0,
7,9,2005,0,
7,10,2005,0,
7,11,2005,0,
7,12,2005,0,
7,13,2005,0,
7,14,2005,0,
7,15,2005,0,
7,16,2005,0,
7,17,2005,0,
7,18,2005,0,
7,19,2005,0,
7,20,2005,0,
7,21,2005,0,
7,22,2005,0,
7,23,2005,0,
7,24,2005,0,
7,25,2005,0,
7,26,2005,0,
7,27,2005,0,
7,28,2005,0,
7,29,2005,0,
7,30,2005,0,
7,31,2005,0,
8,1,2005,0,
8,2,2005,0,
8,3,2005,0,
8,4,2005,0,
8,5,2005,0,
8,6,2005,0,
8,7,2005,0,
8,8,2005,0,
8,9,2005,0,
8,10,2005,0,
8,11,2005,0,
8,12,2005,0,
8,13,2005,0,
8,14,2005,0,
8,15,2005,0,
8,16,2005,0,
8,17,2005,0,
8,18,2005,0,
8,19,2005,0,
8,20,2005,0,
8,21,2005,0,
8,22,2005,0,
8,23,2005,0,
8,24,2005,0,
8,25,2005,0,
8,26,2005,0,
8,27,2005,0,
8,28,2005,0,
8,29,2005,0,
8,30,2005,0,
8,31,2005,0,
9,1,2005,0,
9,2,2005,0,
9,3,2005,0,
9,4,2005,0,
9,5,2005,0,
9,6,2005,0,
9,7,2005,0,
9,8,2005,0,
9,9,2005,0,
9,10,2005,0,
9,11,2005,0,
9,12,2005,0,
9,13,2005,0,
9,14,2005,0,
9,15,2005,0,
9,16,2005,0,
9,17,2005,0,
9,18,2005,0,
9,19,2005,0,
9,20,2005,0,
9,21,2005,0,
9,22,2005,0,
9,23,2005,0,
9,24,2005,0,
9,25,2005,0,
9,26,2005,0,
9,27,2005,0,
9,28,2005,0,
9,29,2005,0,
9,30,2005,0,
10,1,2005,0,
10,2,2005,0,
10,3,2005,0,
10,4,2005,0,
10,5,2005,0,
10,6,2005,0,
10,7,2005,0,
10,8,2005,0,
10,9,2005,0,
10,10,2005,0,
10,11,2005,0,
10,12,2005,0,
10,13,2005,0,
10,14,2005,0,
10,15,2005,0,
10,16,2005,0,
10,17,2005,0,
10,18,2005,0,
10,19,2005,0,
10,20,2005,0,
10,21,2005,0,
10,22,2005,0,
10,23,2005,0,
10,24,2005,0,
10,25,2005,0,
10,26,2005,0,
10,27,2005,0,
10,28,2005,0,
10,29,2005,0,
10,30,2005,0,
10,31,2005,0,
11,1,2005,0,
11,2,2005,0,
11,3,2005,0,
11,4,2005,0,
11,5,2005,0,
11,6,2005,0,
11,7,2005,0,
11,8,2005,0,
11,9,2005,0,
11,10,2005,0,
11,11,2005,0,
11,12,2005,0,
11,13,2005,0,
11,14,2005,0,
11,15,2005,0,
11,16,2005,13,
11,17,2005,10,
11,18,2005,10,
11,19,2005,11,
11,20,2005,0,
11,21,2005,0,
11,22,2005,0,
11,23,2005,0,
11,24,2005,0,
11,25,2005,0,
11,26,2005,0,
11,27,2005,0,
11,28,2005,13,
11,29,2005,130,
11,30,2005,120,
12,1,2005,118,
12,2,2005,115,
12,3,2005,111,
12,4,2005,111,
12,5,2005,116,
12,6,2005,119,
12,7,2005,135,
12,8,2005,131,
12,9,2005,127,
12,10,2005,140,
12,11,2005,138,
12,12,2005,183,
12,13,2005,177,
12,14,2005,172,
12,15,2005,212,
12,16,2005,263,
12,17,2005,273,
12,18,2005,279,
12,19,2005,272,
12,20,2005,264,
12,21,2005,260,
12,22,2005,255,
12,23,2005,250,
12,24,2005,248,
12,25,2005,245,
12,26,2005,243,
12,27,2005,242,
12,28,2005,240,
12,29,2005,239,
12,30,2005,261,
12,31,2005,302,
1,1,2006,296,
1,2,2006,292,
1,3,2006,288,
1,4,2006,285,
1,5,2006,284,
1,6,2006,283,
1,7,2006,278,
1,8,2006,275,
1,9,2006,286,
1,10,2006,282,
1,11,2006,278,
1,12,2006,276,
1,13,2006,273,
1,14,2006,270,
1,15,2006,266,
1,16,2006,264,
1,17,2006,273,
1,18,2006,271,
1,19,2006,269,
1,20,2006,271,
1,21,2006,268,
1,22,2006,369,
1,23,2006,360,
1,24,2006,329,
1,25,2006,326,
1,26,2006,322,
1,27,2006,315,
1,28,2006,311,
1,29,2006,312,
1,30,2006,359,
1,31,2006,355,
2,1,2006,410,
2,2,2006,401,
2,3,2006,402,
2,4,2006,396,
2,5,2006,392,
2,6,2006,389,
2,7,2006,385,
2,8,2006,389,
2,9,2006,385,
2,10,2006,384,
2,11,2006,277,
2,12,2006,275,
2,13,2006,273,
2,14,2006,270,
2,15,2006,266,
2,16,2006,264,
2,17,2006,263,
2,18,2006,262,
2,19,2006,258,
2,20,2006,255,
2,21,2006,252,
2,22,2006,298,
2,23,2006,306,
2,24,2006,302,
2,25,2006,366,
2,26,2006,360,
2,27,2006,354,
2,28,2006,291,
3,1,2006,283,
3,2,2006,292,
3,3,2006,0,
3,4,2006,298,
3,5,2006,290,
3,6,2006,276,
3,7,2006,275,
3,8,2006,432,
3,9,2006,429,
3,10,2006,425,
3,11,2006,393,
3,12,2006,443,
3,13,2006,439,
3,14,2006,436,
3,15,2006,434,
3,16,2006,431,
3,17,2006,429,
3,18,2006,427,
3,19,2006,421,
3,20,2006,417,
3,21,2006,413,
3,22,2006,410,
3,23,2006,407,
3,24,2006,405,
3,25,2006,403,
3,26,2006,374,
3,27,2006,362,
3,28,2006,340,
3,29,2006,313,
3,30,2006,99,
3,31,2006,0,
4,1,2006,0,
4,2,2006,0,
4,3,2006,0,
4,4,2006,0,
4,5,2006,0,
4,6,2006,0,
4,7,2006,0,
4,8,2006,0,
4,9,2006,0,
4,10,2006,0,
4,11,2006,0,
4,12,2006,0,
4,13,2006,0,
4,14,2006,0,
4,15,2006,0,
4,16,2006,0,
4,17,2006,0,
4,18,2006,0,
4,19,2006,0,
4,20,2006,0,
4,21,2006,0,
4,22,2006,0,
4,23,2006,0,
4,24,2006,0,
4,25,2006,0,
4,26,2006,0,
4,27,2006,0,
4,28,2006,0,
4,29,2006,0,
4,30,2006,0,
5,1,2006,0,
5,2,2006,0,
5,3,2006,0,
5,4,2006,0,
5,5,2006,0,
5,6,2006,0,
5,7,2006,0,
5,8,2006,0,
5,9,2006,0,
5,10,2006,0,
5,11,2006,0,
5,12,2006,0,
5,13,2006,0,
5,14,2006,0,
5,15,2006,0,
5,16,2006,0,
5,17,2006,0,
5,18,2006,0,
5,19,2006,0,
5,20,2006,0,
5,21,2006,0,
5,22,2006,0,
5,23,2006,0,
5,24,2006,0,
5,25,2006,0,
5,26,2006,0,
5,27,2006,0,
5,28,2006,0,
5,29,2006,0,
5,30,2006,0,
5,31,2006,0,
6,1,2006,0,
6,2,2006,0,
6,3,2006,0,
6,4,2006,0,
6,5,2006,0,
6,6,2006,0,
6,7,2006,0,
6,8,2006,0,
6,9,2006,0,
6,10,2006,0,
6,11,2006,0,
6,12,2006,0,
6,13,2006,0,
6,14,2006,0,
6,15,2006,0,
6,16,2006,0,
6,17,2006,0,
6,18,2006,0,
6,19,2006,0,
6,20,2006,0,
6,21,2006,0,
6,22,2006,0,
6,23,2006,0,
6,24,2006,0,
6,25,2006,0,
6,26,2006,0,
6,27,2006,0,
6,28,2006,0,
6,29,2006,0,
6,30,2006,0,
7,1,2006,0,
7,2,2006,0,
7,3,2006,0,
7,4,2006,0,
7,5,2006,0,
7,6,2006,0,
7,7,2006,0,
7,8,2006,0,
7,9,2006,0,
7,10,2006,0,
7,11,2006,0,
7,12,2006,0,
7,13,2006,0,
7,14,2006,0,
7,15,2006,0,
7,16,2006,0,
7,17,2006,0,
7,18,2006,0,
7,19,2006,0,
7,20,2006,0,
7,21,2006,0,
7,22,2006,0,
7,23,2006,0,
7,24,2006,0,
7,25,2006,0,
7,26,2006,0,
7,27,2006,0,
7,28,2006,0,
7,29,2006,0,
7,30,2006,0,
7,31,2006,0,
8,1,2006,0,
8,2,2006,0,
8,3,2006,0,
8,4,2006,0,
8,5,2006,0,
8,6,2006,0,
8,7,2006,0,
8,8,2006,0,
8,9,2006,0,
8,10,2006,0,
8,11,2006,0,
8,12,2006,0,
8,13,2006,0,
8,14,2006,0,
8,15,2006,0,
8,16,2006,0,
8,17,2006,0,
8,18,2006,0,
8,19,2006,0,
8,20,2006,0,
8,21,2006,0,
8,22,2006,0,
8,23,2006,0,
8,24,2006,0,
8,25,2006,0,
8,26,2006,0,e
8,27,2006,0,e
8,28,2006,0,
8,29,2006,0,
8,30,2006,0,
8,31,2006,0,
9,1,2006,0,
9,2,2006,0,
9,3,2006,0,
9,4,2006,0,
9,5,2006,0,
9,6,2006,0,
9,7,2006,0,
9,8,2006,0,e
9,9,2006,0,
9,10,2006,0,
9,11,2006,0,
9,12,2006,0,
9,13,2006,0,
9,14,2006,0,
9,15,2006,0,
9,16,2006,0,
9,17,2006,0,
9,18,2006,0,
9,19,2006,0,
9,20,2006,0,
9,21,2006,0,
9,22,2006,0,
9,23,2006,0,
9,24,2006,0,
9,25,2006,0,
9,26,2006,0,
9,27,2006,0,
9,28,2006,0,
9,29,2006,0,
9,30,2006,0,e
10,1,2006,0,e
10,2,2006,0,
10,3,2006,0,
10,4,2006,0,
10,5,2006,0,
10,6,2006,0,
10,7,2006,0,
10,8,2006,0,
10,9,2006,0,
10,10,2006,0,
10,11,2006,0,
10,12,2006,3,
10,13,2006,0,
10,14,2006,0,
10,15,2006,0,
10,16,2006,0,
10,17,2006,0,
10,18,2006,0,
10,19,2006,0,
10,20,2006,0,
10,21,2006,0,
10,22,2006,0,
10,23,2006,0,
10,24,2006,0,
10,25,2006,0,
10,26,2006,0,
10,27,2006,0,
10,28,2006,0,
10,29,2006,0,
10,30,2006,0,
10,31,2006,19,
11,1,2006,10,
11,2,2006,5,
11,3,2006,1,
11,4,2006,0,
11,5,2006,0,
11,6,2006,0,
11,7,2006,0,
11,8,2006,0,
11,9,2006,0,
11,10,2006,0,
11,11,2006,0,
11,12,2006,0,
11,13,2006,0,
11,14,2006,0,
11,15,2006,0,
11,16,2006,0,
11,17,2006,0,
11,18,2006,4,
11,19,2006,3,
11,20,2006,0,
11,21,2006,0,
11,22,2006,0,
11,23,2006,0,
11,24,2006,0,
11,25,2006,0,
11,26,2006,0,
11,27,2006,0,
11,28,2006,0,
11,29,2006,16,
11,30,2006,14,
12,1,2006,13,
12,2,2006,23,
12,3,2006,41,
12,4,2006,48,
12,5,2006,47,
12,6,2006,44,
12,7,2006,42,
12,8,2006,40,
12,9,2006,36,
12,10,2006,33,
12,11,2006,32,
12,12,2006,32,
12,13,2006,33,
12,14,2006,29,
12,15,2006,36,
12,16,2006,36,
12,17,2006,32,
12,18,2006,28,
12,19,2006,26,
12,20,2006,17,
12,21,2006,13,
12,22,2006,13,
12,23,2006,13,
12,24,2006,11,
12,25,2006,7,
12,26,2006,6,
12,27,2006,2,
12,28,2006,1,
12,29,2006,0,
12,30,2006,16,
12,31,2006,115,
1,1,2007,147,
1,2,2007,137,
1,3,2007,127,
1,4,2007,61,
1,5,2007,61,
1,6,2007,58,
1,7,2007,56,
1,8,2007,55,
1,9,2007,55,
1,10,2007,53,
1,11,2007,50,
1,12,2007,47,
1,13,2007,47,
1,14,2007,45,
1,15,2007,44,
1,16,2007,43,
1,17,2007,41,
1,18,2007,39,
1,19,2007,38,
1,20,2007,37,
1,21,2007,34,
1,22,2007,33,
1,23,2007,32,
1,24,2007,33,
1,25,2007,32,
1,26,2007,32,
1,27,2007,30,
1,28,2007,33,
1,29,2007,39,
1,30,2007,40,
1,31,2007,38,
2,1,2007,40,
2,2,2007,51,
2,3,2007,52,
2,4,2007,50,
2,5,2007,49,
2,6,2007,49,
2,7,2007,79,
2,8,2007,76,
2,9,2007,74,
2,10,2007,71,
2,11,2007,69,
2,12,2007,66,
2,13,2007,64,
2,14,2007,63,e
2,15,2007,62,
2,16,2007,59,
2,17,2007,57,
2,18,2007,56,
2,19,2007,53,
2,20,2007,52,
2,21,2007,51,
2,22,2007,49,
2,23,2007,48,
2,24,2007,31,
2,25,2007,126,
2,26,2007,163,
2,27,2007,175,
2,28,2007,219,
3,1,2007,279,
3,2,2007,416,
3,3,2007,400,
3,4,2007,380,
3,5,2007,363,
3,6,2007,352,
3,7,2007,344,
3,8,2007,336,
3,9,2007,328,
3,10,2007,271,
3,11,2007,266,
3,12,2007,165,
3,13,2007,131,
3,14,2007,84,
3,15,2007,82,
3,16,2007,131,
3,17,2007,130,
3,18,2007,129,
3,19,2007,95,
3,20,2007,93,
3,21,2007,72,
3,22,2007,0,
3,23,2007,0,
3,24,2007,0,
3,25,2007,0,
3,26,2007,0,e
3,27,2007,0,
3,28,2007,0,
3,29,2007,0,
3,30,2007,0,
3,31,2007,0,
4,1,2007,0,
4,2,2007,0,
4,3,2007,0,
4,4,2007,100,
4,5,2007,84,
4,6,2007,74,
4,7,2007,63,
4,8,2007,51,
4,9,2007,47,
4,10,2007,42,
4,11,2007,4,
4,12,2007,0,
4,13,2007,0,
4,14,2007,0,
4,15,2007,0,
4,16,2007,0,
4,17,2007,0,
4,18,2007,0,
4,19,2007,0,
4,20,2007,0,
4,21,2007,0,
4,22,2007,0,
4,23,2007,0,
4,24,2007,0,
4,25,2007,0,
4,26,2007,0,
4,27,2007,0,
4,28,2007,0,
4,29,2007,0,
4,30,2007,0,
5,1,2007,0,
5,2,2007,0,
5,3,2007,0,
5,4,2007,0,
5,5,2007,0,
5,6,2007,0,
5,7,2007,0,
5,8,2007,0,
5,9,2007,0,
5,10,2007,0,
5,11,2007,0,
5,12,2007,0,
5,13,2007,0,
5,14,2007,0,
5,15,2007,0,
5,16,2007,0,
5,17,2007,0,
5,18,2007,0,
5,19,2007,0,
5,20,2007,0,
5,21,2007,0,
5,22,2007,0,
5,23,2007,0,
5,24,2007,0,
5,25,2007,0,
5,26,2007,0,
5,27,2007,0,
5,28,2007,0,
5,29,2007,0,
5,30,2007,0,
5,31,2007,0,
6,1,2007,0,
6,2,2007,0,
6,3,2007,0,
6,4,2007,0,
6,5,2007,0,
6,6,2007,0,
6,7,2007,0,
6,8,2007,0,
6,9,2007,0,
6,10,2007,0,
6,11,2007,0,
6,12,2007,0,
6,13,2007,0,
6,14,2007,0,
6,15,2007,0,
6,16,2007,0,
6,17,2007,0,
6,18,2007,0,
6,19,2007,0,
6,20,2007,0,
6,21,2007,0,
6,22,2007,0,
6,23,2007,0,
6,24,2007,0,
6,25,2007,0,
6,26,2007,0,
6,27,2007,0,
6,28,2007,0,
6,29,2007,0,
6,30,2007,0,
7,1,2007,0,
7,2,2007,0,
7,3,2007,0,
7,4,2007,0,
7,5,2007,0,
7,6,2007,0,
7,7,2007,0,
7,8,2007,0,
7,9,2007,0,
7,10,2007,0,
7,11,2007,0,
7,12,2007,0,
7,13,2007,0,
7,14,2007,0,
7,15,2007,0,
7,16,2007,0,
7,17,2007,0,
7,18,2007,0,
7,19,2007,0,
7,20,2007,0,
7,21,2007,0,
7,22,2007,0,
7,23,2007,0,
7,24,2007,0,
7,25,2007,0,
7,26,2007,0,
7,27,2007,0,
7,28,2007,0,
7,29,2007,0,
7,30,2007,0,
7,31,2007,0,
8,1,2007,0,
8,2,2007,0,
8,3,2007,0,
8,4,2007,0,
8,5,2007,0,
8,6,2007,0,
8,7,2007,0,
8,8,2007,0,
8,9,2007,0,
8,10,2007,0,
8,11,2007,0,
8,12,2007,0,
8,13,2007,0,
8,14,2007,0,
8,15,2007,0,
8,16,2007,0,
8,17,2007,0,
8,18,2007,0,
8,19,2007,0,
8,20,2007,0,
8,21,2007,0,
8,22,2007,0,
8,23,2007,0,
8,24,2007,0,
8,25,2007,0,
8,26,2007,0,
8,27,2007,0,
8,28,2007,0,
8,29,2007,0,
8,30,2007,0,
8,31,2007,0,
9,1,2007,0,
9,2,2007,0,
9,3,2007,0,
9,4,2007,0,
9,5,2007,0,
9,6,2007,0,
9,7,2007,0,
9,8,2007,0,
9,9,2007,0,
9,10,2007,0,
9,11,2007,0,
9,12,2007,0,
9,13,2007,0,
9,14,2007,0,
9,15,2007,0,
9,16,2007,0,
9,17,2007,0,
9,18,2007,0,
9,19,2007,0,
9,20,2007,0,
9,21,2007,0,
9,22,2007,0,
9,23,2007,0,
9,24,2007,0,
9,25,2007,0,
9,26,2007,0,
9,27,2007,0,
9,28,2007,0,
9,29,2007,0,
9,30,2007,0,
10,1,2007,0,
10,2,2007,0,
10,3,2007,0,
10,4,2007,0,
10,5,2007,0,
10,6,2007,0,
10,7,2007,0,
10,8,2007,0,
10,9,2007,0,
10,10,2007,0,
10,11,2007,0,
10,12,2007,0,
10,13,2007,0,
10,14,2007,0,
10,15,2007,0,
10,16,2007,0,
10,17,2007,0,
10,18,2007,0,
10,19,2007,0,
10,20,2007,0,
10,21,2007,0,
10,22,2007,0,
10,23,2007,0,
10,24,2007,0,
10,25,2007,0,
10,26,2007,0,
10,27,2007,0,
10,28,2007,0,
10,29,2007,0,
10,30,2007,0,
10,31,2007,0,
11,1,2007,0,
11,2,2007,0,
11,3,2007,0,
11,4,2007,0,
11,5,2007,0,
11,6,2007,0,
11,7,2007,0,
11,8,2007,0,
11,9,2007,0,
11,10,2007,0,
11,11,2007,0,
11,12,2007,0,
11,13,2007,0,
11,14,2007,0,
11,15,2007,0,
11,16,2007,0,
11,17,2007,0,
11,18,2007,0,
11,19,2007,0,
11,20,2007,0,
11,21,2007,0,
11,22,2007,0,
11,23,2007,0,
11,24,2007,6,
11,25,2007,0,
11,26,2007,0,
11,27,2007,13,
11,28,2007,11,
11,29,2007,15,
11,30,2007,12,
12,1,2007,9,
12,2,2007,130,
12,3,2007,132,
12,4,2007,197,
12,5,2007,241,
12,6,2007,229,
12,7,2007,236,
12,8,2007,227,
12,9,2007,222,
12,10,2007,217,
12,11,2007,253,
12,12,2007,246,
12,13,2007,240,
12,14,2007,237,
12,15,2007,233,
12,16,2007,230,
12,17,2007,229,
12,18,2007,225,
12,19,2007,223,
12,20,2007,220,
12,21,2007,218,
12,22,2007,216,
12,23,2007,240,
12,24,2007,237,
12,25,2007,234,
12,26,2007,231,
12,27,2007,231,
12,28,2007,228,
12,29,2007,228,
12,30,2007,226,
12,31,2007,226,
1,1,2008,231,
1,2,2008,228,
1,3,2008,226,
1,4,2008,223,
1,5,2008,220,
1,6,2008,217,
1,7,2008,213,
1,8,2008,212,
1,9,2008,210,
1,10,2008,209,
1,11,2008,215,
1,12,2008,220,
1,13,2008,220,
1,14,2008,224,
1,15,2008,222,
1,16,2008,222,
1,17,2008,227,
1,18,2008,229,
1,19,2008,226,
1,20,2008,223,
1,21,2008,221,
1,22,2008,220,
1,23,2008,219,
1,24,2008,217,
1,25,2008,215,
1,26,2008,214,
1,27,2008,212,
1,28,2008,210,
1,29,2008,211,
1,30,2008,217,
1,31,2008,215,
2,1,2008,212,
2,2,2008,210,
2,3,2008,209,
2,4,2008,208,
2,5,2008,249,
2,6,2008,252,
2,7,2008,249,
2,8,2008,246,
2,9,2008,247,
2,10,2008,276,
2,11,2008,273,
2,12,2008,275,
2,13,2008,280,
2,14,2008,302,
2,15,2008,298,
2,16,2008,295,
2,17,2008,294,
2,18,2008,297,
2,19,2008,294,
2,20,2008,291,
2,21,2008,289,
2,22,2008,286,
2,23,2008,285,
2,24,2008,282,
2,25,2008,280,
2,26,2008,276,
2,27,2008,277,
2,28,2008,276,
2,29,2008,312,
3,1,2008,306,
3,2,2008,299,
3,3,2008,299,
3,4,2008,295,
3,5,2008,301,
3,6,2008,297,
3,7,2008,294,
3,8,2008,227,
3,9,2008,265,
3,10,2008,262,
3,11,2008,257,
3,12,2008,251,
3,13,2008,224,e
3,14,2008,196,
3,15,2008,196,
3,16,2008,195,
3,17,2008,193,
3,18,2008,180,
3,19,2008,157,
3,20,2008,156,
3,21,2008,154,
3,22,2008,172,
3,23,2008,185,
3,24,2008,184,
3,25,2008,180,
3,26,2008,177,
3,27,2008,176,
3,28,2008,174,
3,29,2008,162,
3,30,2008,98,
3,31,2008,70,
4,1,2008,63,
4,2,2008,61,
4,3,2008,20,
4,4,2008,0,
4,5,2008,0,
4,6,2008,2,
4,7,2008,0,
4,8,2008,0,
4,9,2008,0,
4,10,2008,0,
4,11,2008,0,
4,12,2008,0,
4,13,2008,0,
4,14,2008,0,
4,15,2008,0,
4,16,2008,0,
4,17,2008,0,
4,18,2008,0,
4,19,2008,0,
4,20,2008,0,
4,21,2008,0,
4,22,2008,0,
4,23,2008,0,
4,24,2008,0,
4,25,2008,0,
4,26,2008,58,
4,27,2008,108,
4,28,2008,33,
4,29,2008,3,
4,30,2008,0,
5,1,2008,0,
5,2,2008,0,
5,3,2008,0,
5,4,2008,0,
5,5,2008,0,
5,6,2008,0,
5,7,2008,0,
5,8,2008,0,
5,9,2008,0,
5,10,2008,0,
5,11,2008,0,
5,12,2008,0,
5,13,2008,0,
5,14,2008,0,
5,15,2008,0,
5,16,2008,0,
5,17,2008,0,
5,18,2008,0,
5,19,2008,0,
5,20,2008,0,
5,21,2008,0,
5,22,2008,0,
5,23,2008,0,
5,24,2008,0,
5,25,2008,0,
5,26,2008,0,
5,27,2008,0,
5,28,2008,0,
5,29,2008,0,
5,30,2008,0,
5,31,2008,0,
6,1,2008,0,
6,2,2008,0,
6,3,2008,0,
6,4,2008,0,
6,5,2008,0,
6,6,2008,0,
6,7,2008,0,
6,8,2008,0,
6,9,2008,0,
6,10,2008,0,
6,11,2008,0,
6,12,2008,0,
6,13,2008,0,e
6,14,2008,0,
6,15,2008,0,
6,16,2008,0,
6,17,2008,0,
6,18,2008,0,
6,19,2008,0,
6,20,2008,0,
6,21,2008,0,
6,22,2008,0,
6,23,2008,0,
6,24,2008,0,
6,25,2008,0,
6,26,2008,0,
6,27,2008,0,
6,28,2008,0,
6,29,2008,0,
6,30,2008,0,
7,1,2008,0,
7,2,2008,0,
7,3,2008,0,
7,4,2008,0,
7,5,2008,0,
7,6,2008,0,
7,7,2008,0,
7,8,2008,0,
7,9,2008,0,
7,10,2008,0,
7,11,2008,0,
7,12,2008,0,
7,13,2008,0,
7,14,2008,0,
7,15,2008,0,
7,16,2008,0,
7,17,2008,0,
7,18,2008,0,
7,19,2008,0,
7,20,2008,0,
7,21,2008,0,
7,22,2008,0,
7,23,2008,0,
7,24,2008,0,
7,25,2008,0,
7,26,2008,0,
7,27,2008,0,
7,28,2008,0,
7,29,2008,0,
7,30,2008,0,
7,31,2008,0,
8,1,2008,0,
8,2,2008,0,
8,3,2008,0,
8,4,2008,0,
8,5,2008,0,
8,6,2008,0,
8,7,2008,0,
8,8,2008,0,
8,9,2008,0,
8,10,2008,0,
8,11,2008,0,
8,12,2008,0,
8,13,2008,0,
8,14,2008,0,
8,15,2008,0,
8,16,2008,0,
8,17,2008,0,
8,18,2008,0,
8,19,2008,0,
8,20,2008,0,
8,21,2008,0,
8,22,2008,0,
8,23,2008,0,
8,24,2008,0,
8,25,2008,0,
8,26,2008,0,
8,27,2008,0,
8,28,2008,0,
8,29,2008,0,
8,30,2008,0,
8,31,2008,0,
9,1,2008,0,
9,2,2008,0,
9,3,2008,0,
9,4,2008,0,
9,5,2008,0,
9,6,2008,0,
9,7,2008,0,
9,8,2008,0,
9,9,2008,0,
9,10,2008,0,
9,11,2008,0,
9,12,2008,0,
9,13,2008,0,
9,14,2008,0,
9,15,2008,0,
9,16,2008,0,
9,17,2008,0,
9,18,2008,0,
9,19,2008,0,
9,20,2008,0,
9,21,2008,0,
9,22,2008,0,
9,23,2008,0,
9,24,2008,0,
9,25,2008,0,
9,26,2008,0,
9,27,2008,0,
9,28,2008,0,
9,29,2008,0,
9,30,2008,0,
10,1,2008,0,
10,2,2008,0,
10,3,2008,0,
10,4,2008,0,
10,5,2008,0,
10,6,2008,0,
10,7,2008,0,
10,8,2008,0,
10,9,2008,0,
10,10,2008,0,
10,11,2008,0,
10,12,2008,0,
10,13,2008,0,
10,14,2008,0,
10,15,2008,0,
10,16,2008,0,
10,17,2008,0,
10,18,2008,0,
10,19,2008,0,
10,20,2008,0,
10,21,2008,0,
10,22,2008,0,
10,23,2008,0,
10,24,2008,0,
10,25,2008,0,
10,26,2008,0,
10,27,2008,0,
10,28,2008,0,
10,29,2008,0,
10,30,2008,0,
10,31,2008,0,
11,1,2008,0,
11,2,2008,0,
11,3,2008,0,
11,4,2008,0,
11,5,2008,0,
11,6,2008,0,
11,7,2008,0,
11,8,2008,0,
11,9,2008,2,
11,10,2008,0,
11,11,2008,0,
11,12,2008,0,
11,13,2008,0,
11,14,2008,0,
11,15,2008,0,
11,16,2008,0,
11,17,2008,3,
11,18,2008,2,
11,19,2008,0,
11,20,2008,0,
11,21,2008,0,
11,22,2008,0,
11,23,2008,0,
11,24,2008,0,
11,25,2008,0,
11,26,2008,0,
11,27,2008,0,
11,28,2008,0,
11,29,2008,0,
11,30,2008,0,
12,1,2008,5,
12,2,2008,3,
12,3,2008,0,
12,4,2008,0,
12,5,2008,0,
12,6,2008,2,
12,7,2008,0,
12,8,2008,4,
12,9,2008,18,
12,10,2008,16,
12,11,2008,90,
12,12,2008,83,
12,13,2008,80,
12,14,2008,83,
12,15,2008,142,
12,16,2008,134,
12,17,2008,133,
12,18,2008,128,
12,19,2008,124,
12,20,2008,129,
12,21,2008,212,
12,22,2008,203,
12,23,2008,169,
12,24,2008,249,
12,25,2008,240,
12,26,2008,231,
12,27,2008,224,
12,28,2008,258,
12,29,2008,250,
12,30,2008,281,
12,31,2008,292,
1,1,2009,284,
1,2,2009,277,
1,3,2009,278,
1,4,2009,336,
1,5,2009,326,
1,6,2009,319,
1,7,2009,312,
1,8,2009,308,
1,9,2009,303,
1,10,2009,298,
1,11,2009,293,
1,12,2009,290,
1,13,2009,314,
1,14,2009,311,
1,15,2009,307,
1,16,2009,303,
1,17,2009,299,
1,18,2009,298,
1,19,2009,292,
1,20,2009,288,
1,21,2009,285,
1,22,2009,281,
1,23,2009,282,
1,24,2009,281,
1,25,2009,278,
1,26,2009,275,
1,27,2009,273,
1,28,2009,270,
1,29,2009,283,
1,30,2009,280,
1,31,2009,278,
2,1,2009,230,
2,2,2009,225,
2,3,2009,224,
2,4,2009,223,
2,5,2009,221,
2,6,2009,220,
2,7,2009,219,
2,8,2009,217,
2,9,2009,216,
2,10,2009,191,
2,11,2009,182,
2,12,2009,223,
2,13,2009,231,
2,14,2009,229,
2,15,2009,228,
2,16,2009,239,
2,17,2009,247,
2,18,2009,249,
2,19,2009,247,
2,20,2009,246,
2,21,2009,265,
2,22,2009,263,
2,23,2009,261,
2,24,2009,257,
2,25,2009,289,
2,26,2009,286,
2,27,2009,304,
2,28,2009,302,
3,1,2009,298,
3,2,2009,295,
3,3,2009,290,
3,4,2009,283,
3,5,2009,282,
3,6,2009,281,
3,7,2009,280,
3,8,2009,278,
3,9,2009,275,
3,10,2009,345,
3,11,2009,442,
3,12,2009,434,
3,13,2009,427,
3,14,2009,418,
3,15,2009,408,
3,16,2009,311,
3,17,2009,263,
3,18,2009,230,
3,19,2009,227,
3,20,2009,226,
3,21,2009,193,
3,22,2009,147,
3,23,2009,14,
3,24,2009,0,
3,25,2009,47,
3,26,2009,236,
3,27,2009,232,
3,28,2009,218,
3,29,2009,208,
3,30,2009,200,
3,31,2009,205,
4,1,2009,318,
4,2,2009,306,
4,3,2009,297,
4,4,2009,284,
4,5,2009,269,
4,6,2009,257,
4,7,2009,244,
4,8,2009,238,
4,9,2009,136,
4,10,2009,117,
4,11,2009,101,
4,12,2009,0,
4,13,2009,0,
4,14,2009,0,
4,15,2009,0,
4,16,2009,0,
4,17,2009,0,
4,18,2009,0,
4,19,2009,0,
4,20,2009,0,
4,21,2009,0,
4,22,2009,0,
4,23,2009,0,
4,24,2009,0,
4,25,2009,0,
4,26,2009,0,
4,27,2009,10,
4,28,2009,0,
4,29,2009,0,
4,30,2009,0,
5,1,2009,0,
5,2,2009,0,
5,3,2009,0,
5,4,2009,0,
5,5,2009,0,
5,6,2009,0,
5,7,2009,0,
5,8,2009,0,
5,9,2009,0,
5,10,2009,0,
5,11,2009,0,
5,12,2009,0,
5,13,2009,0,
5,14,2009,0,
5,15,2009,0,
5,16,2009,0,
5,17,2009,0,
5,18,2009,0,
5,19,2009,0,
5,20,2009,0,
5,21,2009,0,
5,22,2009,0,
5,23,2009,0,
5,24,2009,0,
5,25,2009,0,
5,26,2009,0,
5,27,2009,0,
5,28,2009,0,
5,29,2009,0,
5,30,2009,0,
5,31,2009,0,
6,1,2009,0,
6,2,2009,0,
6,3,2009,0,
6,4,2009,0,
6,5,2009,0,
6,6,2009,0,
6,7,2009,0,
6,8,2009,0,
6,9,2009,0,
6,10,2009,0,
6,11,2009,0,
6,12,2009,0,
6,13,2009,0,
6,14,2009,0,
6,15,2009,0,
6,16,2009,0,
6,17,2009,0,
6,18,2009,0,
6,19,2009,0,
6,20,2009,0,
6,21,2009,0,
6,22,2009,0,
6,23,2009,0,
6,24,2009,0,
6,25,2009,0,
6,26,2009,0,
6,27,2009,0,
6,28,2009,0,
6,29,2009,0,
6,30,2009,0,
7,1,2009,0,
7,2,2009,0,
7,3,2009,0,
7,4,2009,0,
7,5,2009,0,
7,6,2009,0,
7,7,2009,0,
7,8,2009,0,
7,9,2009,0,
7,10,2009,0,
7,11,2009,0,
7,12,2009,0,
7,13,2009,0,
7,14,2009,0,
7,15,2009,0,
7,16,2009,0,
7,17,2009,0,
7,18,2009,0,
7,19,2009,0,
7,20,2009,0,
7,21,2009,0,
7,22,2009,0,
7,23,2009,0,
7,24,2009,0,
7,25,2009,0,
7,26,2009,0,
7,27,2009,0,
7,28,2009,0,
7,29,2009,0,
7,30,2009,0,
7,31,2009,0,
8,1,2009,0,
8,2,2009,0,
8,3,2009,0,
8,4,2009,0,
8,5,2009,0,
8,6,2009,0,
8,7,2009,0,
8,8,2009,0,
8,9,2009,0,
8,10,2009,0,
8,11,2009,0,
8,12,2009,0,
8,13,2009,0,
8,14,2009,0,
8,15,2009,0,
8,16,2009,0,
8,17,2009,0,
8,18,2009,0,
8,19,2009,0,
8,20,2009,0,e
8,21,2009,0,
8,22,2009,0,
8,23,2009,0,
8,24,2009,0,
8,25,2009,0,
8,26,2009,0,
8,27,2009,0,
8,28,2009,0,
8,29,2009,0,
8,30,2009,0,
8,31,2009,0,
9,1,2009,0,
9,2,2009,0,
9,3,2009,0,
9,4,2009,0,
9,5,2009,0,
9,6,2009,0,
9,7,2009,0,
9,8,2009,0,
9,9,2009,0,
9,10,2009,0,
9,11,2009,0,
9,12,2009,0,
9,13,2009,0,
9,14,2009,0,
9,15,2009,0,
9,16,2009,0,
9,17,2009,0,
9,18,2009,0,
9,19,2009,0,
9,20,2009,0,
9,21,2009,0,
9,22,2009,0,
9,23,2009,0,
9,24,2009,0,
9,25,2009,0,
9,26,2009,0,
9,27,2009,0,
9,28,2009,0,
9,29,2009,0,
9,30,2009,0,
10,1,2009,0,
10,2,2009,0,
10,3,2009,0,
10,4,2009,0,
10,5,2009,0,
10,6,2009,0,
10,7,2009,0,
10,8,2009,0,
10,9,2009,0,
10,10,2009,0,
10,11,2009,0,
10,12,2009,0,
10,13,2009,0,
10,14,2009,0,
10,15,2009,14,
10,16,2009,28,
10,17,2009,24,
10,18,2009,0,
10,19,2009,0,
10,20,2009,0,
10,21,2009,0,
10,22,2009,0,
10,23,2009,0,
10,24,2009,0,
10,25,2009,0,
10,26,2009,0,
10,27,2009,0,
10,28,2009,0,
10,29,2009,0,
10,30,2009,0,
10,31,2009,0,
11,1,2009,0,
11,2,2009,0,
11,3,2009,0,
11,4,2009,0,
11,5,2009,0,
11,6,2009,0,
11,7,2009,0,
11,8,2009,0,
11,9,2009,0,
11,10,2009,0,
11,11,2009,0,
11,12,2009,0,
11,13,2009,0,
11,14,2009,0,
11,15,2009,0,
11,16,2009,0,
11,17,2009,0,
11,18,2009,0,
11,19,2009,0,
11,20,2009,0,
11,21,2009,0,
11,22,2009,0,
11,23,2009,0,
11,24,2009,0,
11,25,2009,0,
11,26,2009,5,
11,27,2009,3,
11,28,2009,3,
11,29,2009,3,
11,30,2009,2,
12,1,2009,0,
12,2,2009,25,
12,3,2009,58,
12,4,2009,65,
12,5,2009,69,
12,6,2009,72,
12,7,2009,87,
12,8,2009,86,
12,9,2009,86,
12,10,2009,83,
12,11,2009,105,
12,12,2009,113,
12,13,2009,133,
12,14,2009,132,
12,15,2009,96,
12,16,2009,92,
12,17,2009,90,
12,18,2009,114,
12,19,2009,112,
12,20,2009,113,
12,21,2009,137,
12,22,2009,55,
12,23,2009,53,
12,24,2009,82,
12,25,2009,188,
12,26,2009,461,
12,27,2009,470,
12,28,2009,437,
12,29,2009,391,
12,30,2009,376,
12,31,2009,369,
1,1,2010,361,
1,2,2010,353,
1,3,2010,347,
1,4,2010,342,
1,5,2010,336,
1,6,2010,330,
1,7,2010,355,
1,8,2010,351,
1,9,2010,350,
1,10,2010,345,
1,11,2010,339,
1,12,2010,335,
1,13,2010,330,
1,14,2010,325,
1,15,2010,321,
1,16,2010,316,
1,17,2010,311,
1,18,2010,306,
1,19,2010,304,
1,20,2010,302,
1,21,2010,299,
1,22,2010,305,
1,23,2010,401,
1,24,2010,527,
1,25,2010,522,
1,26,2010,571,
1,27,2010,557,
1,28,2010,549,
1,29,2010,540,
1,30,2010,532,
1,31,2010,525,
2,1,2010,518,
2,2,2010,513,
2,3,2010,524,
2,4,2010,531,
2,5,2010,524,
2,6,2010,399,
2,7,2010,415,
2,8,2010,494,
2,9,2010,527,
2,10,2010,515,
2,11,2010,507,
2,12,2010,505,
2,13,2010,503,
2,14,2010,494,
2,15,2010,485,
2,16,2010,475,
2,17,2010,468,
2,18,2010,464,
2,19,2010,461,
2,20,2010,458,
2,21,2010,466,
2,22,2010,464,
2,23,2010,465,
2,24,2010,463,
2,25,2010,459,
2,26,2010,452,
2,27,2010,448,
2,28,2010,445,
3,1,2010,442,
3,2,2010,439,
3,3,2010,437,
3,4,2010,434,
3,5,2010,429,
3,6,2010,427,
3,7,2010,427,
3,8,2010,427,
3,9,2010,420,
3,10,2010,413,
3,11,2010,391,
3,12,2010,380,
3,13,2010,371,
3,14,2010,364,
3,15,2010,350,
3,16,2010,333,
3,17,2010,318,
3,18,2010,273,
3,19,2010,188,
3,20,2010,0,
3,21,2010,0,
3,22,2010,0,
3,23,2010,0,
3,24,2010,0,
3,25,2010,0,
3,26,2010,0,
3,27,2010,0,
3,28,2010,10,
3,29,2010,0,
3,30,2010,0,
3,31,2010,0,
4,1,2010,0,
4,2,2010,0,
4,3,2010,0,
4,4,2010,0,
4,5,2010,0,
4,6,2010,0,
4,7,2010,0,
4,8,2010,0,
4,9,2010,0,
4,10,2010,0,
4,11,2010,0,
4,12,2010,0,
4,13,2010,0,
4,14,2010,0,
4,15,2010,0,
4,16,2010,0,
4,17,2010,0,
4,18,2010,0,
4,19,2010,0,
4,20,2010,0,
4,21,2010,0,
4,22,2010,0,
4,23,2010,0,
4,24,2010,0,
4,25,2010,0,
4,26,2010,0,
4,27,2010,0,
4,28,2010,0,
4,29,2010,0,
4,30,2010,0,
5,1,2010,0,
5,2,2010,0,
5,3,2010,0,
5,4,2010,0,
5,5,2010,0,
5,6,2010,0,
5,7,2010,0,
5,8,2010,0,
5,9,2010,0,
5,10,2010,0,
5,11,2010,0,
5,12,2010,0,
5,13,2010,0,
5,14,2010,0,
5,15,2010,0,
5,16,2010,0,
5,17,2010,0,
5,18,2010,0,
5,19,2010,0,
5,20,2010,0,
5,21,2010,0,
5,22,2010,0,
5,23,2010,0,
5,24,2010,0,
5,25,2010,0,
5,26,2010,0,
5,27,2010,0,
5,28,2010,0,
5,29,2010,0,
5,30,2010,0,
5,31,2010,0,
6,1,2010,0,
6,2,2010,0,
6,3,2010,0,
6,4,2010,0,
6,5,2010,0,
6,6,2010,0,
6,7,2010,0,
6,8,2010,0,
6,9,2010,0,
6,10,2010,0,
6,11,2010,0,
6,12,2010,0,
6,13,2010,0,
6,14,2010,0,
6,15,2010,0,
6,16,2010,0,
6,17,2010,0,
6,18,2010,0,
6,19,2010,0,
6,20,2010,0,
6,21,2010,0,
6,22,2010,0,
6,23,2010,0,
6,24,2010,0,
6,25,2010,0,
6,26,2010,0,
6,27,2010,0,
6,28,2010,0,
6,29,2010,0,
6,30,2010,0,
7,1,2010,0,
7,2,2010,0,
7,3,2010,0,
7,4,2010,0,
7,5,2010,0,
7,6,2010,0,
7,7,2010,0,
7,8,2010,0,
7,9,2010,0,
7,10,2010,0,
7,11,2010,0,
7,12,2010,0,
7,13,2010,0,
7,14,2010,0,
7,15,2010,0,
7,16,2010,0,
7,17,2010,0,
7,18,2010,0,
7,19,2010,0,
7,20,2010,0,
7,21,2010,0,
7,22,2010,0,
7,23,2010,0,
7,24,2010,0,
7,25,2010,0,
7,26,2010,0,
7,27,2010,0,
7,28,2010,0,
7,29,2010,0,
7,30,2010,0,
7,31,2010,0,
8,1,2010,0,
8,2,2010,0,
8,3,2010,0,
8,4,2010,0,
8,5,2010,0,
8,6,2010,0,
8,7,2010,0,
8,8,2010,0,
8,9,2010,0,
8,10,2010,0,
8,11,2010,0,
8,12,2010,0,
8,13,2010,0,
8,14,2010,0,
8,15,2010,0,
8,16,2010,0,
8,17,2010,0,
8,18,2010,0,
8,19,2010,0,
8,20,2010,0,
8,21,2010,0,
8,22,2010,0,
8,23,2010,0,
8,24,2010,0,
8,25,2010,0,
8,26,2010,0,
8,27,2010,0,
8,28,2010,0,
8,29,2010,0,
8,30,2010,0,
8,31,2010,0,
9,1,2010,0,
9,2,2010,0,
9,3,2010,0,
9,4,2010,0,
9,5,2010,0,
9,6,2010,0,
9,7,2010,0,
9,8,2010,0,
9,9,2010,0,
9,10,2010,0,
9,11,2010,0,
9,12,2010,0,
9,13,2010,0,
9,14,2010,0,
9,15,2010,0,
9,16,2010,0,
9,17,2010,0,
9,18,2010,0,
9,19,2010,0,
9,20,2010,0,
9,21,2010,0,
9,22,2010,0,
9,23,2010,0,
9,24,2010,0,
9,25,2010,0,
9,26,2010,0,
9,27,2010,0,
9,28,2010,0,
9,29,2010,0,
9,30,2010,0,
10,1,2010,0,
10,2,2010,0,
10,3,2010,0,
10,4,2010,0,
10,5,2010,0,
10,6,2010,0,
10,7,2010,0,
10,8,2010,0,
10,9,2010,0,
10,10,2010,0,
10,11,2010,0,
10,12,2010,0,
10,13,2010,0,
10,14,2010,0,
10,15,2010,0,
10,16,2010,0,
10,17,2010,0,
10,18,2010,0,
10,19,2010,0,
10,20,2010,0,
10,21,2010,0,
10,22,2010,0,
10,23,2010,0,
10,24,2010,0,
10,25,2010,0,
10,26,2010,0,
10,27,2010,0,
10,28,2010,0,
10,29,2010,0,
10,30,2010,0,
10,31,2010,0,
11,1,2010,0,
11,2,2010,0,
11,3,2010,0,
11,4,2010,0,
11,5,2010,0,
11,6,2010,0,
11,7,2010,0,
11,8,2010,0,
11,9,2010,0,
11,10,2010,0,
11,11,2010,0,
11,12,2010,0,
11,13,2010,0,
11,14,2010,0,
11,15,2010,0,
11,16,2010,0,
11,17,2010,0,
11,18,2010,0,
11,19,2010,0,
11,20,2010,0,
11,21,2010,9,
11,22,2010,33,
11,23,2010,122,
11,24,2010,104,
11,25,2010,127,
11,26,2010,132,
11,27,2010,124,
11,28,2010,119,
11,29,2010,114,
11,30,2010,174,
12,1,2010,193,
12,2,2010,188,
12,3,2010,187,
12,4,2010,158,
12,5,2010,170,
12,6,2010,166,
12,7,2010,162,
12,8,2010,160,
12,9,2010,160,
12,10,2010,164,
12,11,2010,160,
12,12,2010,156,
12,13,2010,153,
12,14,2010,151,
12,15,2010,146,
12,16,2010,145,
12,17,2010,143,
12,18,2010,163,
12,19,2010,184,
12,20,2010,180,
12,21,2010,324,
12,22,2010,366,
12,23,2010,350,
12,24,2010,340,
12,25,2010,330,
12,26,2010,325,
12,27,2010,318,
12,28,2010,310,
12,29,2010,300,
12,30,2010,295,
12,31,2010,298,
1,1,2011,390,
1,2,2011,411,
1,3,2011,400,
1,4,2011,392,
1,5,2011,384,
1,6,2011,376,
1,7,2011,383,
1,8,2011,389,
1,9,2011,383,
1,10,2011,378,
1,11,2011,384,
1,12,2011,392,
1,13,2011,398,
1,14,2011,401,
1,15,2011,439,
1,16,2011,432,
1,17,2011,437,
1,18,2011,447,
1,19,2011,440,
1,20,2011,435,
1,21,2011,429,
1,22,2011,438,
1,23,2011,433,
1,24,2011,442,
1,25,2011,456,
1,26,2011,449,
1,27,2011,442,
1,28,2011,437,
1,29,2011,432,
1,30,2011,432,
1,31,2011,432,
2,1,2011,433,
2,2,2011,428,
2,3,2011,423,
2,4,2011,418,
2,5,2011,412,
2,6,2011,409,
2,7,2011,417,
2,8,2011,413,
2,9,2011,408,
2,10,2011,404,
2,11,2011,402,
2,12,2011,397,
2,13,2011,394,
2,14,2011,238,
2,15,2011,237,
2,16,2011,222,
2,17,2011,217,
2,18,2011,230,
2,19,2011,229,
2,20,2011,241,
2,21,2011,239,
2,22,2011,242,
2,23,2011,242,
2,24,2011,243,
2,25,2011,241,
2,26,2011,240,
2,27,2011,239,
2,28,2011,238,
3,1,2011,236,
3,2,2011,207,
3,3,2011,206,
3,4,2011,205,
3,5,2011,189,
3,6,2011,188,
3,7,2011,212,
3,8,2011,210,
3,9,2011,225,
3,10,2011,288,
3,11,2011,285,
3,12,2011,309,
3,13,2011,314,
3,14,2011,312,
3,15,2011,308,
3,16,2011,255,
3,17,2011,231,
3,18,2011,206,
3,19,2011,205,
3,20,2011,191,
3,21,2011,172,
3,22,2011,163,
3,23,2011,222,
3,24,2011,219,
3,25,2011,218,
3,26,2011,216,
3,27,2011,215,
3,28,2011,213,
3,29,2011,58,
3,30,2011,56,
3,31,2011,55,
4,1,2011,55,
4,2,2011,23,
4,3,2011,0,
4,4,2011,0,
4,5,2011,0,
4,6,2011,0,
4,7,2011,0,
4,8,2011,0,
4,9,2011,0,
4,10,2011,0,
4,11,2011,0,
4,12,2011,0,
4,13,2011,0,
4,14,2011,0,
4,15,2011,0,
4,16,2011,99,
4,17,2011,100,
4,18,2011,98,
4,19,2011,94,
4,20,2011,52,
4,21,2011,0,
4,22,2011,0,
4,23,2011,0,
4,24,2011,0,
4,25,2011,0,
4,26,2011,0,
4,27,2011,0,
4,28,2011,0,
4,29,2011,0,
4,30,2011,0,
5,1,2011,19,
5,2,2011,29,
5,3,2011,0,
5,4,2011,0,
5,5,2011,0,
5,6,2011,0,
5,7,2011,0,
5,8,2011,0,
5,9,2011,0,
5,10,2011,0,
5,11,2011,0,
5,12,2011,0,
5,13,2011,0,
5,14,2011,0,
5,15,2011,0,
5,16,2011,0,
5,17,2011,0,
5,18,2011,0,
5,19,2011,0,
5,20,2011,0,
5,21,2011,0,
5,22,2011,0,
5,23,2011,0,
5,24,2011,0,
5,25,2011,0,
5,26,2011,0,
5,27,2011,0,
5,28,2011,0,
5,29,2011,0,
5,30,2011,0,
5,31,2011,0,
6,1,2011,0,
6,2,2011,0,
6,3,2011,0,
6,4,2011,0,
6,5,2011,0,
6,6,2011,0,
6,7,2011,0,
6,8,2011,0,
6,9,2011,0,
6,10,2011,0,
6,11,2011,0,
6,12,2011,0,
6,13,2011,0,
6,14,2011,0,
6,15,2011,0,
6,16,2011,0,
6,17,2011,0,
6,18,2011,0,
6,19,2011,0,
6,20,2011,0,
6,21,2011,0,
6,22,2011,0,
6,23,2011,0,
6,24,2011,0,
6,25,2011,0,
6,26,2011,0,
6,27,2011,0,
6,28,2011,0,
6,29,2011,0,
6,30,2011,0,
7,1,2011,0,
7,2,2011,0,
7,3,2011,0,
7,4,2011,0,
7,5,2011,0,
7,6,2011,0,
7,7,2011,0,
7,8,2011,0,
7,9,2011,0,
7,10,2011,0,
7,11,2011,0,
7,12,2011,0,
7,13,2011,0,
7,14,2011,0,
7,15,2011,0,
7,16,2011,0,
7,17,2011,0,
7,18,2011,0,
7,19,2011,0,
7,20,2011,0,
7,21,2011,0,
7,22,2011,0,
7,23,2011,0,
7,24,2011,0,
7,25,2011,0,
7,26,2011,0,
7,27,2011,0,
7,28,2011,0,
7,29,2011,0,
7,30,2011,0,
7,31,2011,0,
8,1,2011,0,
8,2,2011,0,
8,3,2011,0,
8,4,2011,0,
8,5,2011,0,
8,6,2011,0,
8,7,2011,0,
8,8,2011,0,
8,9,2011,0,
8,10,2011,0,
8,11,2011,0,
8,12,2011,0,
8,13,2011,0,
8,14,2011,0,
8,15,2011,0,
8,16,2011,0,
8,17,2011,0,
8,18,2011,0,
8,19,2011,0,
8,20,2011,0,
8,21,2011,0,
8,22,2011,0,
8,23,2011,0,
8,24,2011,0,
8,25,2011,0,
8,26,2011,0,
8,27,2011,0,
8,28,2011,0,
8,29,2011,0,
8,30,2011,0,
8,31,2011,0,
9,1,2011,0,
9,2,2011,0,
9,3,2011,0,
9,4,2011,0,
9,5,2011,0,
9,6,2011,0,
9,7,2011,0,
9,8,2011,0,
9,9,2011,0,
9,10,2011,0,
9,11,2011,0,
9,12,2011,0,
9,13,2011,0,
9,14,2011,0,
9,15,2011,0,
9,16,2011,0,
9,17,2011,0,
9,18,2011,0,
9,19,2011,0,
9,20,2011,0,
9,21,2011,0,
9,22,2011,0,
9,23,2011,0,
9,24,2011,0,
9,25,2011,0,
9,26,2011,0,
9,27,2011,0,
9,28,2011,0,
9,29,2011,0,
9,30,2011,0,
10,1,2011,0,
10,2,2011,0,
10,3,2011,0,
10,4,2011,0,
10,5,2011,0,
10,6,2011,0,
10,7,2011,0,
10,8,2011,0,
10,9,2011,0,
10,10,2011,0,
10,11,2011,0,
10,12,2011,0,
10,13,2011,0,
10,14,2011,0,
10,15,2011,0,
10,16,2011,0,
10,17,2011,0,
10,18,2011,0,
10,19,2011,0,
10,20,2011,0,
10,21,2011,0,
10,22,2011,0,
10,23,2011,0,
10,24,2011,0,
10,25,2011,0,
10,26,2011,0,
10,27,2011,0,
10,28,2011,0,
10,29,2011,0,
10,30,2011,0,
10,31,2011,0,
11,1,2011,0,
11,2,2011,0,
11,3,2011,0,
11,4,2011,0,
11,5,2011,0,
11,6,2011,0,
11,7,2011,0,
11,8,2011,0,
11,9,2011,0,
11,10,2011,0,
11,11,2011,0,
11,12,2011,0,
11,13,2011,0,
11,14,2011,0,
11,15,2011,0,
11,16,2011,10,
11,17,2011,13,
11,18,2011,10,
11,19,2011,7,
11,20,2011,5,
11,21,2011,3,
11,22,2011,2,
11,23,2011,0,
11,24,2011,0,
11,25,2011,0,
11,26,2011,0,
11,27,2011,0,
11,28,2011,0,
11,29,2011,0,
11,30,2011,0,
12,1,2011,0,
12,2,2011,0,
12,3,2011,0,
12,4,2011,0,
12,5,2011,0,
12,6,2011,0,
12,7,2011,0,
12,8,2011,0,
12,9,2011,0,
12,10,2011,0,
12,11,2011,0,
12,12,2011,0,
12,13,2011,0,
12,14,2011,0,
12,15,2011,0,
12,16,2011,0,
12,17,2011,0,
12,18,2011,0,
12,19,2011,0,
12,20,2011,0,
12,21,2011,0,
12,22,2011,0,
12,23,2011,0,
12,24,2011,0,
12,25,2011,0,
12,26,2011,0,
12,27,2011,0,
12,28,2011,0,
12,29,2011,22,
12,30,2011,21,
12,31,2011,71,
1,1,2012,125,
1,2,2012,114,
1,3,2012,109,
1,4,2012,102,
1,5,2012,99,
1,6,2012,0,
1,7,2012,0,
1,8,2012,0,
1,9,2012,0,
1,10,2012,0,
1,11,2012,0,
1,12,2012,0,
1,13,2012,0,
1,14,2012,23,
1,15,2012,37,
1,16,2012,31,
1,17,2012,27,
1,18,2012,26,
1,19,2012,37,
1,20,2012,34,
1,21,2012,33,
1,22,2012,29,
1,23,2012,52,
1,24,2012,53,
1,25,2012,50,
1,26,2012,49,
1,27,2012,37,
1,28,2012,53,
1,29,2012,51,
1,30,2012,70,
1,31,2012,68,
2,1,2012,67,
2,2,2012,64,
2,3,2012,64,
2,4,2012,65,
2,5,2012,64,
2,6,2012,61,
2,7,2012,58,
2,8,2012,57,
2,9,2012,12,
2,10,2012,8,
2,11,2012,7,
2,12,2012,5,
2,13,2012,1,
2,14,2012,0,
2,15,2012,0,
2,16,2012,2,
2,17,2012,0,
2,18,2012,0,
2,19,2012,0,
2,20,2012,0,
2,21,2012,99,
2,22,2012,103,
2,23,2012,105,
2,24,2012,133,
2,25,2012,132,
2,26,2012,127,
2,27,2012,198,
2,28,2012,190,
2,29,2012,181,
3,1,2012,173,
3,2,2012,180,
3,3,2012,210,
3,4,2012,210,
3,5,2012,223,
3,6,2012,214,
3,7,2012,208,
3,8,2012,207,
3,9,2012,225,
3,10,2012,214,
3,11,2012,169,
3,12,2012,0,
3,13,2012,0,
3,14,2012,0,
3,15,2012,0,
3,16,2012,0,
3,17,2012,0,
3,18,2012,0,
3,19,2012,0,
3,20,2012,0,
3,21,2012,0,
3,22,2012,0,
3,23,2012,0,
3,24,2012,0,
3,25,2012,0,
3,26,2012,0,
3,27,2012,0,
3,28,2012,0,
3,29,2012,0,
3,30,2012,0,
3,31,2012,0,
4,1,2012,0,
4,2,2012,0,
4,3,2012,0,
4,4,2012,0,
4,5,2012,0,
4,6,2012,0,
4,7,2012,0,
4,8,2012,0,
4,9,2012,0,
4,10,2012,0,
4,11,2012,0,
4,12,2012,0,
4,13,2012,0,
4,14,2012,0,
4,15,2012,0,
4,16,2012,0,
4,17,2012,0,
4,18,2012,0,
4,19,2012,0,
4,20,2012,0,
4,21,2012,0,
4,22,2012,0,
4,23,2012,0,
4,24,2012,0,
4,25,2012,0,
4,26,2012,0,
4,27,2012,0,
4,28,2012,0,
4,29,2012,0,
4,30,2012,0,
5,1,2012,0,
5,2,2012,0,
5,3,2012,0,
5,4,2012,0,
5,5,2012,0,
5,6,2012,0,
5,7,2012,0,
5,8,2012,0,
5,9,2012,0,
5,10,2012,0,
5,11,2012,0,
5,12,2012,0,
5,13,2012,0,
5,14,2012,0,
5,15,2012,0,
5,16,2012,0,
5,17,2012,0,
5,18,2012,0,
5,19,2012,0,
5,20,2012,0,
5,21,2012,0,
5,22,2012,0,
5,23,2012,0,
5,24,2012,0,
5,25,2012,0,
5,26,2012,0,
5,27,2012,0,
5,28,2012,0,
5,29,2012,0,
5,30,2012,0,
5,31,2012,0,
6,1,2012,0,
6,2,2012,0,
6,3,2012,0,
6,4,2012,0,
6,5,2012,0,
6,6,2012,0,
6,7,2012,0,
6,8,2012,0,
6,9,2012,0,
6,10,2012,0,
6,11,2012,0,
6,12,2012,0,
6,13,2012,0,
6,14,2012,0,
6,15,2012,0,
6,16,2012,0,
6,17,2012,0,
6,18,2012,0,
6,19,2012,0,
6,20,2012,0,
6,21,2012,0,
6,22,2012,0,
6,23,2012,0,
6,24,2012,0,
6,25,2012,0,
6,26,2012,0,
6,27,2012,0,
6,28,2012,0,
6,29,2012,0,
6,30,2012,0,
7,1,2012,0,
7,2,2012,0,
7,3,2012,0,
7,4,2012,0,
7,5,2012,0,
7,6,2012,0,
7,7,2012,0,
7,8,2012,0,
7,9,2012,0,
7,10,2012,0,
7,11,2012,0,
7,12,2012,0,
7,13,2012,0,
7,14,2012,0,
7,15,2012,0,
7,16,2012,0,
7,17,2012,0,
7,18,2012,0,
7,19,2012,0,
7,20,2012,0,
7,21,2012,0,
7,22,2012,0,
7,23,2012,0,
7,24,2012,0,
7,25,2012,0,
7,26,2012,0,
7,27,2012,0,
7,28,2012,0,
7,29,2012,0,
7,30,2012,0,
7,31,2012,0,
8,1,2012,0,
8,2,2012,0,
8,3,2012,0,
8,4,2012,0,
8,5,2012,0,
8,6,2012,0,
8,7,2012,0,
8,8,2012,0,
8,9,2012,0,
8,10,2012,0,
8,11,2012,0,
8,12,2012,0,
8,13,2012,0,
8,14,2012,0,
8,15,2012,0,
8,16,2012,0,
8,17,2012,0,
8,18,2012,0,
8,19,2012,0,
8,20,2012,0,
8,21,2012,0,
8,22,2012,0,
8,23,2012,0,
8,24,2012,0,
8,25,2012,0,
8,26,2012,0,
8,27,2012,0,
8,28,2012,0,
8,29,2012,0,
8,30,2012,0,
8,31,2012,0,
9,1,2012,0,
9,2,2012,0,
9,3,2012,0,
9,4,2012,0,
9,5,2012,0,
9,6,2012,0,
9,7,2012,0,
9,8,2012,0,
9,9,2012,0,
9,10,2012,0,
9,11,2012,0,
9,12,2012,0,
9,13,2012,0,
9,14,2012,0,
9,15,2012,0,
9,16,2012,0,
9,17,2012,0,
9,18,2012,0,
9,19,2012,0,
9,20,2012,0,
9,21,2012,0,
9,22,2012,0,
9,23,2012,0,
9,24,2012,0,
9,25,2012,0,
9,26,2012,0,
9,27,2012,0,
9,28,2012,0,
9,29,2012,0,
9,30,2012,0,
10,1,2012,0,
10,2,2012,0,
10,3,2012,0,
10,4,2012,0,
10,5,2012,62,
10,6,2012,95,
10,7,2012,65,
10,8,2012,0,
10,9,2012,0,
10,10,2012,0,
10,11,2012,0,
10,12,2012,0,
10,13,2012,0,
10,14,2012,0,
10,15,2012,0,
10,16,2012,0,
10,17,2012,0,
10,18,2012,0,
10,19,2012,0,
10,20,2012,0,
10,21,2012,0,
10,22,2012,0,
10,23,2012,0,
10,24,2012,0,
10,25,2012,0,
10,26,2012,0,
10,27,2012,0,
10,28,2012,0,
10,29,2012,0,
10,30,2012,0,
10,31,2012,0,
11,1,2012,0,
11,2,2012,0,
11,3,2012,74,
11,4,2012,104,
11,5,2012,103,
11,6,2012,32,
11,7,2012,0,
11,8,2012,0,
11,9,2012,0,
11,10,2012,0,
11,11,2012,2,
11,12,2012,31,
11,13,2012,37,
11,14,2012,35,
11,15,2012,34,
11,16,2012,31,
11,17,2012,22,
11,18,2012,21,
11,19,2012,0,
11,20,2012,0,
11,21,2012,0,
11,22,2012,0,
11,23,2012,62,
11,24,2012,59,
11,25,2012,68,
11,26,2012,69,
11,27,2012,70,
11,28,2012,74,
11,29,2012,34,
11,30,2012,34,
12,1,2012,38,
12,2,2012,38,
12,3,2012,1,
12,4,2012,0,
12,5,2012,0,
12,6,2012,0,
12,7,2012,0,
12,8,2012,0,
12,9,2012,52,
12,10,2012,67,
12,11,2012,65,
12,12,2012,62,
12,13,2012,50,
12,14,2012,56,
12,15,2012,0,
12,16,2012,52,
12,17,2012,57,
12,18,2012,65,
12,19,2012,77,
12,20,2012,60,e
12,21,2012,57,
12,22,2012,56,
12,23,2012,56,
12,24,2012,103,
12,25,2012,105,
12,26,2012,104,
12,27,2012,119,
12,28,2012,128,
12,29,2012,132,
12,30,2012,129,
12,31,2012,129,
1,1,2013,81,
1,2,2013,85,
1,3,2013,92,
1,4,2013,88,
1,5,2013,85,
1,6,2013,88,
1,7,2013,88,
1,8,2013,81,
1,9,2013,115,
1,10,2013,106,
1,11,2013,0,
1,12,2013,37,
1,13,2013,67,
1,14,2013,65,
1,15,2013,62,
1,16,2013,65,
1,17,2013,72,
1,18,2013,92,
1,19,2013,150,
1,20,2013,143,
1,21,2013,143,
1,22,2013,138,
1,23,2013,154,
1,24,2013,149,
1,25,2013,191,
1,26,2013,185,
1,27,2013,177,
1,28,2013,172,
1,29,2013,199,
1,30,2013,199,
1,31,2013,206,
2,1,2013,212,
2,2,2013,219,
2,3,2013,254,
2,4,2013,260,
2,5,2013,298,
2,6,2013,292,
2,7,2013,317,
2,8,2013,309,
2,9,2013,302,
2,10,2013,296,
2,11,2013,427,
2,12,2013,432,
2,13,2013,415,
2,14,2013,415,
2,15,2013,406,
2,16,2013,399,
2,17,2013,398,
2,18,2013,411,
2,19,2013,459,
2,20,2013,447,
2,21,2013,439,
2,22,2013,430,
2,23,2013,433,
2,24,2013,427,
2,25,2013,422,
2,26,2013,415,
2,27,2013,410,
2,28,2013,403,
3,1,2013,397,
3,2,2013,393,
3,3,2013,387,
3,4,2013,404,
3,5,2013,611,
3,6,2013,626,
3,7,2013,609,
3,8,2013,591,
3,9,2013,578,
3,10,2013,589,
3,11,2013,575,
3,12,2013,387,
3,13,2013,392,
3,14,2013,399,
3,15,2013,394,
3,16,2013,469,
3,17,2013,462,
3,18,2013,558,
3,19,2013,605,
3,20,2013,583,
3,21,2013,565,
3,22,2013,554,
3,23,2013,544,
3,24,2013,534,
3,25,2013,530,
3,26,2013,524,
3,27,2013,517,
3,28,2013,510,
3,29,2013,502,
3,30,2013,497,
3,31,2013,475,
4,1,2013,470,
4,2,2013,464,
4,3,2013,459,
4,4,2013,450,
4,5,2013,443,
4,6,2013,457,
4,7,2013,466,
4,8,2013,525,
4,9,2013,516,
4,10,2013,503,
4,11,2013,493,
4,12,2013,282,
4,13,2013,307,
4,14,2013,306,
4,15,2013,361,
4,16,2013,483,
4,17,2013,472,
4,18,2013,485,
4,19,2013,456,
4,20,2013,439,
4,21,2013,429,
4,22,2013,383,
4,23,2013,172,
4,24,2013,151,
4,25,2013,101,
4,26,2013,10,
4,27,2013,0,
4,28,2013,0,
4,29,2013,0,
4,30,2013,0,
5,1,2013,0,
5,2,2013,0,
5,3,2013,0,
5,4,2013,0,
5,5,2013,0,
5,6,2013,0,
5,7,2013,0,
5,8,2013,0,
5,9,2013,0,
5,10,2013,0,
5,11,2013,0,
5,12,2013,0,
5,13,2013,0,
5,14,2013,0,
5,15,2013,0,
5,16,2013,0,
5,17,2013,0,
5,18,2013,0,
5,19,2013,0,
5,20,2013,0,
5,21,2013,0,
5,22,2013,0,
5,23,2013,0,
5,24,2013,0,
5,25,2013,0,
5,26,2013,0,
5,27,2013,0,
5,28,2013,0,
5,29,2013,0,
5,30,2013,0,
5,31,2013,0,
6,1,2013,0,
6,2,2013,0,
6,3,2013,0,
6,4,2013,0,
6,5,2013,0,
6,6,2013,0,
6,7,2013,0,
6,8,2013,0,
6,9,2013,0,
6,10,2013,0,
6,11,2013,0,
6,12,2013,0,
6,13,2013,0,
6,14,2013,0,
6,15,2013,0,
6,16,2013,0,
6,17,2013,0,
6,18,2013,0,
6,19,2013,0,
6,20,2013,0,
6,21,2013,0,
6,22,2013,0,
6,23,2013,0,
6,24,2013,0,
6,25,2013,0,
6,26,2013,0,
6,27,2013,0,
6,28,2013,0,
6,29,2013,0,
6,30,2013,0,
7,1,2013,0,
7,2,2013,0,
7,3,2013,0,
7,4,2013,0,
7,5,2013,0,
7,6,2013,0,
7,7,2013,0,
7,8,2013,0,
7,9,2013,0,
7,10,2013,0,
7,11,2013,0,
7,12,2013,0,
7,13,2013,0,
7,14,2013,0,
7,15,2013,0,
7,16,2013,0,
7,17,2013,0,
7,18,2013,0,
7,19,2013,0,
7,20,2013,0,
7,21,2013,0,
7,22,2013,0,
7,23,2013,0,
7,24,2013,0,
7,25,2013,0,
7,26,2013,0,
7,27,2013,0,
7,28,2013,0,
7,29,2013,0,
7,30,2013,0,
7,31,2013,0,
8,1,2013,0,
8,2,2013,0,
8,3,2013,0,
8,4,2013,0,
8,5,2013,0,
8,6,2013,0,
8,7,2013,0,
8,8,2013,0,
8,9,2013,0,
8,10,2013,0,
8,11,2013,0,
8,12,2013,0,
8,13,2013,0,
8,14,2013,0,
8,15,2013,0,
8,16,2013,0,
8,17,2013,0,
8,18,2013,0,
8,19,2013,0,
8,20,2013,0,
8,21,2013,0,
8,22,2013,0,
8,23,2013,0,
8,24,2013,0,
8,25,2013,0,
8,26,2013,0,
8,27,2013,0,
8,28,2013,0,
8,29,2013,0,
8,30,2013,0,
8,31,2013,0,
9,1,2013,0,
9,2,2013,0,
9,3,2013,0,
9,4,2013,0,
9,5,2013,0,
9,6,2013,0,
9,7,2013,0,
9,8,2013,0,
9,9,2013,0,
9,10,2013,0,
9,11,2013,0,
9,12,2013,0,
9,13,2013,0,
9,14,2013,0,
9,15,2013,0,
9,16,2013,0,
9,17,2013,0,
9,18,2013,0,
9,19,2013,0,
9,20,2013,0,
9,21,2013,0,
9,22,2013,0,
9,23,2013,0,
9,24,2013,0,
9,25,2013,0,
9,26,2013,0,
9,27,2013,0,
9,28,2013,0,
9,29,2013,0,
9,30,2013,0,
10,1,2013,0,
10,2,2013,0,
10,3,2013,0,
10,4,2013,0,
10,5,2013,0,
10,6,2013,0,
10,7,2013,0,
10,8,2013,0,
10,9,2013,0,
10,10,2013,0,
10,11,2013,0,
10,12,2013,0,
10,13,2013,0,
10,14,2013,0,
10,15,2013,0,
10,16,2013,0,
10,17,2013,0,
10,18,2013,0,
10,19,2013,0,
10,20,2013,0,
10,21,2013,33,
10,22,2013,30,
10,23,2013,29,
10,24,2013,28,
10,25,2013,8,
10,26,2013,0,
10,27,2013,0,
10,28,2013,0,
10,29,2013,0,
10,30,2013,0,
10,31,2013,0,
11,1,2013,0,
11,2,2013,0,
11,3,2013,0,
11,4,2013,0,
11,5,2013,0,
11,6,2013,0,
11,7,2013,0,
11,8,2013,0,
11,9,2013,0,
11,10,2013,0,
11,11,2013,3,
11,12,2013,2,
11,13,2013,0,
11,14,2013,0,
11,15,2013,0,
11,16,2013,0,
11,17,2013,0,
11,18,2013,0,
11,19,2013,0,
11,20,2013,0,
11,21,2013,46,
11,22,2013,61,
11,23,2013,39,
11,24,2013,36,
11,25,2013,30,
11,26,2013,31,
11,27,2013,29,
11,28,2013,55,
11,29,2013,53,
11,30,2013,47,
12,1,2013,48,
12,2,2013,68,
12,3,2013,201,
12,4,2013,224,
12,5,2013,369,
12,6,2013,175,
12,7,2013,168,
12,8,2013,163,
12,9,2013,178,
12,10,2013,195,
12,11,2013,189,
12,12,2013,198,
12,13,2013,256,
12,14,2013,301,
12,15,2013,304,
12,16,2013,303,
12,17,2013,245,
12,18,2013,237,
12,19,2013,231,
12,20,2013,270,
12,21,2013,264,
12,22,2013,258,
12,23,2013,252,
12,24,2013,248,
12,25,2013,287,
12,26,2013,295,
12,27,2013,301,
12,28,2013,292,
12,29,2013,310,
12,30,2013,305,
12,31,2013,244,
1,1,2014,241,
1,2,2014,245,
1,3,2014,242,
1,4,2014,278,
1,5,2014,276,
1,6,2014,273,
1,7,2014,210,
1,8,2014,214,
1,9,2014,212,
1,10,2014,207,
1,11,2014,219,
1,12,2014,216,
1,13,2014,195,
1,14,2014,257,
1,15,2014,294,
1,16,2014,326,
1,17,2014,334,
1,18,2014,430,
1,19,2014,444,
1,20,2014,436,
1,21,2014,434,
1,22,2014,371,
1,23,2014,368,
1,24,2014,379,
1,25,2014,398,
1,26,2014,458,
1,27,2014,453,
1,28,2014,444,
1,29,2014,435,
1,30,2014,359,
1,31,2014,358,
2,1,2014,354,
2,2,2014,351,
2,3,2014,346,
2,4,2014,344,
2,5,2014,340,
2,6,2014,294,
2,7,2014,292,
2,8,2014,287,
2,9,2014,285,
2,10,2014,282,
2,11,2014,280,
2,12,2014,277,
2,13,2014,276,
2,14,2014,294,
2,15,2014,291,
2,16,2014,290,
2,17,2014,308,
2,18,2014,347,
2,19,2014,338,
2,20,2014,341,
2,21,2014,337,
2,22,2014,332,
2,23,2014,327,
2,24,2014,322,
2,25,2014,322,
2,26,2014,319,
2,27,2014,286,
2,28,2014,284,
3,1,2014,280,
3,2,2014,278,
3,3,2014,276,
3,4,2014,279,
3,5,2014,280,
3,6,2014,279,
3,7,2014,280,
3,8,2014,325,
3,9,2014,321,
3,10,2014,292,
3,11,2014,183,
3,12,2014,182,
3,13,2014,184,
3,14,2014,109,
3,15,2014,108,
3,16,2014,106,
3,17,2014,104,
3,18,2014,104,
3,19,2014,105,
3,20,2014,105,
3,21,2014,105,
3,22,2014,116,
3,23,2014,114,
3,24,2014,114,
3,25,2014,113,
3,26,2014,58,
3,27,2014,56,
3,28,2014,53,
3,29,2014,51,
3,30,2014,0,
3,31,2014,0,
4,1,2014,225,
4,2,2014,197,
4,3,2014,183,
4,4,2014,207,
4,5,2014,198,
4,6,2014,127,
4,7,2014,33,
4,8,2014,0,
4,9,2014,0,
4,10,2014,0,
4,11,2014,0,
4,12,2014,0,
4,13,2014,0,
4,14,2014,0,
4,15,2014,0,
4,16,2014,0,
4,17,2014,0,
4,18,2014,0,
4,19,2014,0,
4,20,2014,0,
4,21,2014,0,
4,22,2014,0,
4,23,2014,0,
4,24,2014,0,
4,25,2014,0,
4,26,2014,0,
4,27,2014,0,
4,28,2014,0,
4,29,2014,0,
4,30,2014,0,
5,1,2014,0,
5,2,2014,0,
5,3,2014,0,
5,4,2014,0,
5,5,2014,0,
5,6,2014,0,
5,7,2014,0,
5,8,2014,0,
5,9,2014,0,
5,10,2014,0,
5,11,2014,0,
5,12,2014,0,
5,13,2014,0,
5,14,2014,0,
5,15,2014,0,
5,16,2014,0,
5,17,2014,0,
5,18,2014,0,
5,19,2014,0,
5,20,2014,0,
5,21,2014,0,
5,22,2014,0,
5,23,2014,0,
5,24,2014,0,
5,25,2014,0,
5,26,2014,0,
5,27,2014,0,
5,28,2014,0,
5,29,2014,0,
5,30,2014,0,
5,31,2014,0,
6,1,2014,0,
6,2,2014,0,
6,3,2014,0,
6,4,2014,0,
6,5,2014,0,
6,6,2014,0,
6,7,2014,0,
6,8,2014,0,
6,9,2014,0,
6,10,2014,0,
6,11,2014,0,
6,12,2014,0,
6,13,2014,0,
6,14,2014,0,
6,15,2014,0,
6,16,2014,0,
6,17,2014,0,
6,18,2014,0,
6,19,2014,0,
6,20,2014,0,
6,21,2014,0,
6,22,2014,0,
6,23,2014,0,
6,24,2014,0,
6,25,2014,0,
6,26,2014,0,
6,27,2014,0,
6,28,2014,0,
6,29,2014,0,
6,30,2014,0,
7,1,2014,0,
7,2,2014,0,
7,3,2014,0,
7,4,2014,0,
7,5,2014,0,
7,6,2014,0,
7,7,2014,0,
7,8,2014,0,
7,9,2014,0,
7,10,2014,0,
7,11,2014,0,
7,12,2014,0,
7,13,2014,0,
7,14,2014,0,
7,15,2014,0,
7,16,2014,0,
7,17,2014,0,
7,18,2014,0,
7,19,2014,0,
7,20,2014,0,
7,21,2014,0,
7,22,2014,0,
7,23,2014,0,
7,24,2014,0,
7,25,2014,0,
7,26,2014,0,
7,27,2014,0,
7,28,2014,0,
7,29,2014,0,
7,30,2014,0,
7,31,2014,0,
8,1,2014,0,
8,2,2014,0,
8,3,2014,0,
8,4,2014,0,
8,5,2014,0,
8,6,2014,0,
8,7,2014,0,
8,8,2014,0,
8,9,2014,0,
8,10,2014,0,
8,11,2014,0,
8,12,2014,0,
8,13,2014,0,
8,14,2014,0,
8,15,2014,0,
8,16,2014,0,
8,17,2014,0,
8,18,2014,0,
8,19,2014,0,
8,20,2014,0,
8,21,2014,0,
8,22,2014,0,
8,23,2014,0,
8,24,2014,0,
8,25,2014,0,
8,26,2014,0,
8,27,2014,0,
8,28,2014,0,
8,29,2014,0,
8,30,2014,0,
8,31,2014,0,
9,1,2014,0,
9,2,2014,0,
9,3,2014,0,
9,4,2014,0,
9,5,2014,0,
9,6,2014,0,
9,7,2014,0,
9,8,2014,0,
9,9,2014,0,
9,10,2014,0,
9,11,2014,0,
9,12,2014,0,
9,13,2014,0,
9,14,2014,0,
9,15,2014,0,
9,16,2014,0,
9,17,2014,0,
9,18,2014,0,
9,19,2014,0,
9,20,2014,0,
9,21,2014,0,
9,22,2014,0,
9,23,2014,0,
9,24,2014,0,
9,25,2014,0,
9,26,2014,0,
9,27,2014,0,
9,28,2014,0,
9,29,2014,0,
9,30,2014,0,
10,1,2014,0,
10,2,2014,0,
10,3,2014,0,
10,4,2014,0,
10,5,2014,0,
10,6,2014,0,
10,7,2014,0,
10,8,2014,0,
10,9,2014,0,
10,10,2014,0,
10,11,2014,0,
10,12,2014,0,
10,13,2014,0,
10,14,2014,0,
10,15,2014,0,
10,16,2014,0,
10,17,2014,0,
10,18,2014,0,
10,19,2014,0,
10,20,2014,0,
10,21,2014,0,
10,22,2014,0,
10,23,2014,0,
10,24,2014,0,
10,25,2014,0,
10,26,2014,0,
10,27,2014,0,
10,28,2014,0,
10,29,2014,0,
10,30,2014,0,
10,31,2014,0,
11,1,2014,0,
11,2,2014,0,
11,3,2014,0,
11,4,2014,0,
11,5,2014,0,
11,6,2014,25,
11,7,2014,12,
11,8,2014,0,
11,9,2014,0,
11,10,2014,0,
11,11,2014,0,
11,12,2014,0,
11,13,2014,13,
11,14,2014,19,
11,15,2014,18,
11,16,2014,15,
11,17,2014,15,
11,18,2014,12,
11,19,2014,27,
11,20,2014,19,
11,21,2014,17,
11,22,2014,12,
11,23,2014,10,
11,24,2014,18,
11,25,2014,21,
11,26,2014,61,
11,27,2014,60,
11,28,2014,81,
11,29,2014,31,
11,30,2014,28,
12,1,2014,24,
12,2,2014,20,
12,3,2014,18,
12,4,2014,16,
12,5,2014,14,
12,6,2014,13,
12,7,2014,11,
12,8,2014,8,
12,9,2014,7,
12,10,2014,7,
12,11,2014,7,
12,12,2014,10,
12,13,2014,12,
12,14,2014,0,
12,15,2014,0,
12,16,2014,2,
12,17,2014,0,
12,18,2014,0,
12,19,2014,0,
12,20,2014,12,
12,21,2014,23,
12,22,2014,24,
12,23,2014,23,
12,24,2014,24,
12,25,2014,26,
12,26,2014,31,
12,27,2014,17,
12,28,2014,22,
12,29,2014,21,
12,30,2014,20,
12,31,2014,19,
1,1,2015,17,
1,2,2015,34,
1,3,2015,35,
1,4,2015,73,
1,5,2015,69,
1,6,2015,66,
1,7,2015,62,
1,8,2015,58,
1,9,2015,72,
1,10,2015,67,
1,11,2015,64,
1,12,2015,62,
1,13,2015,60,
1,14,2015,58,
1,15,2015,67,
1,16,2015,71,
1,17,2015,75,
1,18,2015,105,
1,19,2015,102,
1,20,2015,101,
1,21,2015,125,
1,22,2015,126,
1,23,2015,119,
1,24,2015,45,
1,25,2015,50,
1,26,2015,51,
1,27,2015,0,
1,28,2015,0,
1,29,2015,4,
1,30,2015,2,
1,31,2015,0,
2,1,2015,0,
2,2,2015,0,
2,3,2015,0,
2,4,2015,0,
2,5,2015,0,
2,6,2015,0,
2,7,2015,0,
2,8,2015,0,
2,9,2015,0,
2,10,2015,10,
2,11,2015,133,
2,12,2015,122,
2,13,2015,117,
2,14,2015,110,
2,15,2015,107,
2,16,2015,135,
2,17,2015,129,
2,18,2015,69,
2,19,2015,66,
2,20,2015,68,
2,21,2015,69,
2,22,2015,66,
2,23,2015,64,
2,24,2015,58,
2,25,2015,57,
2,26,2015,54,
2,27,2015,53,
2,28,2015,50,
3,1,2015,47,
3,2,2015,45,
3,3,2015,40,
3,4,2015,42,
3,5,2015,56,
3,6,2015,51,
3,7,2015,47,
3,8,2015,45,
3,9,2015,0,
3,10,2015,0,
3,11,2015,0,
3,12,2015,0,
3,13,2015,0,
3,14,2015,0,
3,15,2015,0,
3,16,2015,0,
3,17,2015,0,
3,18,2015,0,
3,19,2015,0,
3,20,2015,0,
3,21,2015,46,
3,22,2015,40,
3,23,2015,45,
3,24,2015,45,
3,25,2015,5,
3,26,2015,0,
3,27,2015,0,
3,28,2015,0,
3,29,2015,0,
3,30,2015,0,
3,31,2015,0,
4,1,2015,0,
4,2,2015,0,
4,3,2015,0,
4,4,2015,0,
4,5,2015,0,
4,6,2015,0,
4,7,2015,0,
4,8,2015,2,
4,9,2015,0,
4,10,2015,0,
4,11,2015,0,
4,12,2015,0,
4,13,2015,0,
4,14,2015,0,
4,15,2015,0,
4,16,2015,0,
4,17,2015,0,
4,18,2015,0,
4,19,2015,0,
4,20,2015,0,
4,21,2015,0,
4,22,2015,0,
4,23,2015,0,
4,24,2015,0,
4,25,2015,0,
4,26,2015,0,
4,27,2015,0,
4,28,2015,0,
4,29,2015,0,
4,30,2015,0,
5,1,2015,0,
5,2,2015,0,
5,3,2015,0,
5,4,2015,0,
5,5,2015,0,
5,6,2015,0,
5,7,2015,0,
5,8,2015,0,
5,9,2015,0,
5,10,2015,0,
5,11,2015,0,
5,12,2015,0,
5,13,2015,0,
5,14,2015,0,
5,15,2015,0,
5,16,2015,0,
5,17,2015,0,
5,18,2015,0,
5,19,2015,2,
5,20,2015,0,
5,21,2015,0,
5,22,2015,0,
5,23,2015,0,
5,24,2015,0,
5,25,2015,0,
5,26,2015,0,
5,27,2015,0,
5,28,2015,0,
5,29,2015,0,
5,30,2015,0,
5,31,2015,0,
6,1,2015,0,
6,2,2015,0,
6,3,2015,0,
6,4,2015,0,
6,5,2015,0,
6,6,2015,0,
6,7,2015,0,
6,8,2015,0,
6,9,2015,0,
6,10,2015,0,
6,11,2015,0,
6,12,2015,0,
6,13,2015,0,
6,14,2015,0,
6,15,2015,0,
6,16,2015,0,
6,17,2015,0,
6,18,2015,0,
6,19,2015,0,
6,20,2015,0,
6,21,2015,0,
6,22,2015,0,
6,23,2015,0,
6,24,2015,0,
6,25,2015,0,
6,26,2015,0,
6,27,2015,0,
6,28,2015,0,
6,29,2015,0,
6,30,2015,0,
7,1,2015,0,
7,2,2015,0,
7,3,2015,0,
7,4,2015,0,
7,5,2015,0,
7,6,2015,0,
7,7,2015,0,
7,8,2015,0,
7,9,2015,0,
7,10,2015,0,
7,11,2015,0,
7,12,2015,0,
7,13,2015,0,
7,14,2015,0,
7,15,2015,0,
7,16,2015,0,
7,17,2015,0,
7,18,2015,0,
7,19,2015,0,
7,20,2015,0,
7,21,2015,0,
7,22,2015,0,
7,23,2015,0,
7,24,2015,0,
7,25,2015,0,
7,26,2015,0,
7,27,2015,0,
7,28,2015,0,
7,29,2015,0,
7,30,2015,0,
7,31,2015,0,
8,1,2015,0,
8,2,2015,0,
8,3,2015,0,
8,4,2015,0,
8,5,2015,0,
8,6,2015,0,
8,7,2015,0,
8,8,2015,0,
8,9,2015,0,
8,10,2015,0,
8,11,2015,0,
8,12,2015,0,
8,13,2015,0,
8,14,2015,0,
8,15,2015,0,
8,16,2015,0,
8,17,2015,0,
8,18,2015,0,
8,19,2015,0,
8,20,2015,0,
8,21,2015,0,
8,22,2015,0,
8,23,2015,0,
8,24,2015,0,
8,25,2015,0,
8,26,2015,0,
8,27,2015,0,
8,28,2015,0,
8,29,2015,0,
8,30,2015,0,
8,31,2015,0,
9,1,2015,0,
9,2,2015,0,
9,3,2015,0,
9,4,2015,0,
9,5,2015,0,
9,6,2015,0,
9,7,2015,0,
9,8,2015,0,
9,9,2015,0,
9,10,2015,0,
9,11,2015,0,
9,12,2015,0,
9,13,2015,0,
9,14,2015,0,
9,15,2015,0,
9,16,2015,0,
9,17,2015,0,
9,18,2015,0,
9,19,2015,0,
9,20,2015,0,
9,21,2015,0,
9,22,2015,0,
9,23,2015,0,
9,24,2015,0,
9,25,2015,0,
9,26,2015,0,
9,27,2015,0,
9,28,2015,0,
9,29,2015,0,
9,30,2015,0,
10,1,2015,0,
10,2,2015,0,
10,3,2015,0,
10,4,2015,0,
10,5,2015,0,
10,6,2015,0,
10,7,2015,0,
10,8,2015,0,
10,9,2015,0,
10,10,2015,0,
10,11,2015,0,
10,12,2015,0,
10,13,2015,0,
10,14,2015,0,
10,15,2015,0,
10,16,2015,0,
10,17,2015,0,
10,18,2015,0,
10,19,2015,0,
10,20,2015,0,
10,21,2015,0,
10,22,2015,0,
10,23,2015,0,
10,24,2015,0,
10,25,2015,0,
10,26,2015,0,
10,27,2015,0,
10,28,2015,0,
10,29,2015,0,
10,30,2015,0,
10,31,2015,0,
11,1,2015,0,
11,2,2015,0,
11,3,2015,0,
11,4,2015,0,
11,5,2015,0,
11,6,2015,25,
11,7,2015,0,
11,8,2015,0,
11,9,2015,0,
11,10,2015,0,
11,11,2015,0,
11,12,2015,0,
11,13,2015,6,
11,14,2015,0,
11,15,2015,0,
11,16,2015,0,
11,17,2015,0,
11,18,2015,0,
11,19,2015,1,
11,20,2015,2,
11,21,2015,0,
11,22,2015,0,
11,23,2015,0,
11,24,2015,0,
11,25,2015,0,
11,26,2015,0,
11,27,2015,0,
11,28,2015,0,
11,29,2015,0,
11,30,2015,0,
12,1,2015,46,
12,2,2015,140,
12,3,2015,127,
12,4,2015,121,
12,5,2015,117,
12,6,2015,112,
12,7,2015,107,
12,8,2015,104,
12,9,2015,27,
12,10,2015,0,
12,11,2015,7,
12,12,2015,57,
12,13,2015,57,
12,14,2015,55,
12,15,2015,54,
12,16,2015,43,
12,17,2015,137,
12,18,2015,147,
12,19,2015,138,
12,20,2015,132,
12,21,2015,128,
12,22,2015,129,
12,23,2015,167,
12,24,2015,160,
12,25,2015,155,
12,26,2015,153,
12,27,2015,149,
12,28,2015,146,
12,29,2015,144,
12,30,2015,142,
12,31,2015,151,
1,1,2016,149,
1,2,2016,143,
1,3,2016,137,
1,4,2016,135,
1,5,2016,130,
1,6,2016,128,
1,7,2016,132,
1,8,2016,144,
1,9,2016,143,
1,10,2016,142,
1,11,2016,141,
1,12,2016,151,
1,13,2016,140,
1,14,2016,150,
1,15,2016,231,
1,16,2016,224,
1,17,2016,219,
1,18,2016,217,
1,19,2016,217,
1,20,2016,215,
1,21,2016,205,
1,22,2016,209,
1,23,2016,204,
1,24,2016,199,
1,25,2016,198,
1,26,2016,199,
1,27,2016,211,
1,28,2016,107,
1,29,2016,106,
1,30,2016,97,
1,31,2016,87,
2,1,2016,89,
2,2,2016,94,
2,3,2016,101,
2,4,2016,104,
2,5,2016,104,
2,6,2016,104,
2,7,2016,85,
2,8,2016,80,
2,9,2016,107,
2,10,2016,106,
2,11,2016,105,
2,12,2016,106,
2,13,2016,105,
2,14,2016,116,
2,15,2016,149,
2,16,2016,152,
2,17,2016,141,
2,18,2016,140,
2,19,2016,138,
2,20,2016,85,
2,21,2016,84,
2,22,2016,86,
2,23,2016,55,
2,24,2016,61,
2,25,2016,63,
2,26,2016,64,
2,27,2016,43,
2,28,2016,23,
2,29,2016,33,
3,1,2016,38,
3,2,2016,37,
3,3,2016,36,
3,4,2016,35,
3,5,2016,37,
3,6,2016,35,
3,7,2016,0,
3,8,2016,0,
3,9,2016,0,
3,10,2016,0,
3,11,2016,0,
3,12,2016,0,
3,13,2016,0,
3,14,2016,0,
3,15,2016,0,
3,16,2016,0,
3,17,2016,2,
3,18,2016,18,
3,19,2016,17,
3,20,2016,14,
3,21,2016,12,
3,22,2016,0,
3,23,2016,0,
3,24,2016,0,
3,25,2016,0,
3,26,2016,0,
3,27,2016,0,
3,28,2016,0,
3,29,2016,0,
3,30,2016,0,
3,31,2016,0,
4,1,2016,0,
4,2,2016,5,
4,3,2016,0,
4,4,2016,0,
4,5,2016,0,
4,6,2016,0,
4,7,2016,0,
4,8,2016,0,
4,9,2016,0,
4,10,2016,0,
4,11,2016,0,
4,12,2016,0,
4,13,2016,0,
4,14,2016,0,
4,15,2016,0,
4,16,2016,0,
4,17,2016,0,
4,18,2016,0,
4,19,2016,0,
4,20,2016,0,
4,21,2016,0,
4,22,2016,0,
4,23,2016,0,
4,24,2016,0,
4,25,2016,0,
4,26,2016,0,
4,27,2016,0,
4,28,2016,0,
4,29,2016,0,
4,30,2016,0,
5,1,2016,0,
5,2,2016,0,
5,3,2016,0,
5,4,2016,0,
5,5,2016,0,
5,6,2016,0,
5,7,2016,0,
5,8,2016,0,
5,9,2016,0,
5,10,2016,0,
5,11,2016,0,
5,12,2016,0,
5,13,2016,0,
5,14,2016,0,
5,15,2016,0,
5,16,2016,0,
5,17,2016,0,
5,18,2016,0,
5,19,2016,0,
5,20,2016,0,
5,21,2016,0,
5,22,2016,0,
5,23,2016,0,
5,24,2016,0,
5,25,2016,0,
5,26,2016,0,
5,27,2016,0,
5,28,2016,0,
5,29,2016,0,
5,30,2016,0,
5,31,2016,0,
6,1,2016,0,
6,2,2016,0,
6,3,2016,0,
6,4,2016,0,
6,5,2016,0,
6,6,2016,0,
6,7,2016,0,
6,8,2016,0,
6,9,2016,0,
6,10,2016,0,
6,11,2016,0,
6,12,2016,0,
6,13,2016,0,
6,14,2016,0,
6,15,2016,0,
6,16,2016,0,
6,17,2016,0,
6,18,2016,0,
6,19,2016,0,
6,20,2016,0,
6,21,2016,0,
6,22,2016,0,
6,23,2016,0,
6,24,2016,0,
6,25,2016,0,
6,26,2016,0,
6,27,2016,0,
6,28,2016,0,
6,29,2016,0,
6,30,2016,0,
7,1,2016,0,
7,2,2016,0,
7,3,2016,0,
7,4,2016,0,
7,5,2016,0,
7,6,2016,0,
7,7,2016,0,
7,8,2016,0,
7,9,2016,0,
7,10,2016,0,
7,11,2016,0,
7,12,2016,0,
7,13,2016,0,
7,14,2016,0,
7,15,2016,0,
7,16,2016,0,
7,17,2016,0,
7,18,2016,0,
7,19,2016,0,
7,20,2016,0,
7,21,2016,0,
7,22,2016,0,
7,23,2016,0,
7,24,2016,0,
7,25,2016,0,
7,26,2016,0,
7,27,2016,0,
7,28,2016,0,
7,29,2016,0,
7,30,2016,0,
7,31,2016,0,
8,1,2016,0,
8,2,2016,0,
8,3,2016,0,
8,4,2016,0,
8,5,2016,0,
8,6,2016,0,
8,7,2016,0,
8,8,2016,0,
8,9,2016,0,
8,10,2016,0,
8,11,2016,0,
8,12,2016,0,
8,13,2016,0,
8,14,2016,0,
8,15,2016,0,
8,16,2016,0,
8,17,2016,0,
8,18,2016,0,
8,19,2016,0,
8,20,2016,0,
8,21,2016,0,
8,22,2016,0,
8,23,2016,0,
8,24,2016,0,
8,25,2016,0,
8,26,2016,0,
8,27,2016,0,
8,28,2016,0,
8,29,2016,0,
8,30,2016,0,
8,31,2016,0,
9,1,2016,0,
9,2,2016,0,
9,3,2016,0,
9,4,2016,0,
9,5,2016,0,
9,6,2016,0,
9,7,2016,0,
9,8,2016,0,
9,9,2016,0,
9,10,2016,0,
9,11,2016,0,
9,12,2016,0,
9,13,2016,0,
9,14,2016,0,
9,15,2016,0,
9,16,2016,0,
9,17,2016,0,
9,18,2016,0,
9,19,2016,0,
9,20,2016,0,
9,21,2016,0,
9,22,2016,0,
9,23,2016,0,
9,24,2016,0,
9,25,2016,0,
9,26,2016,0,
9,27,2016,0,
9,28,2016,0,
9,29,2016,0,
9,30,2016,0,
10,1,2016,0,
10,2,2016,0,
10,3,2016,0,
10,4,2016,0,
10,5,2016,0,
10,6,2016,0,
10,7,2016,0,
10,8,2016,0,
10,9,2016,0,
10,10,2016,0,
10,11,2016,0,
10,12,2016,0,
10,13,2016,0,
10,14,2016,0,
10,15,2016,0,
10,16,2016,0,
10,17,2016,0,
10,18,2016,0,
10,19,2016,0,
10,20,2016,0,
10,21,2016,0,
10,22,2016,0,
10,23,2016,0,
10,24,2016,0,
10,25,2016,0,
10,26,2016,0,
10,27,2016,0,
10,28,2016,0,
10,29,2016,0,
10,30,2016,0,
10,31,2016,0,
11,1,2016,0,
11,2,2016,0,
11,3,2016,0,
11,4,2016,0,
11,5,2016,0,
11,6,2016,0,
11,7,2016,0,
11,8,2016,0,
11,9,2016,0,
11,10,2016,0,
11,11,2016,0,
11,12,2016,0,
11,13,2016,0,
11,14,2016,0,
11,15,2016,0,
11,16,2016,0,
11,17,2016,0,
11,18,2016,0,
11,19,2016,0,
11,20,2016,0,
11,21,2016,0,
11,22,2016,0,
11,23,2016,18,
11,24,2016,6,
11,25,2016,11,
11,26,2016,0,
11,27,2016,0,
11,28,2016,0,
11,29,2016,0,
11,30,2016,0,
12,1,2016,30,
12,2,2016,38,
12,3,2016,0,
12,4,2016,0,
12,5,2016,7,
12,6,2016,127,
12,7,2016,227,
12,8,2016,241,
12,9,2016,229,
12,10,2016,185,
12,11,2016,180,
12,12,2016,218,
12,13,2016,205,
12,14,2016,196,
12,15,2016,189,
12,16,2016,184,
12,17,2016,181,
12,18,2016,177,
12,19,2016,174,
12,20,2016,187,
12,21,2016,178,
12,22,2016,187,
12,23,2016,178,
12,24,2016,201,
12,25,2016,198,
12,26,2016,292,
12,27,2016,236,
12,28,2016,252,
12,29,2016,383,
12,30,2016,371,
12,31,2016,387,
1,1,2017,380,
1,2,2017,372,
1,3,2017,479,
1,4,2017,495,
1,5,2017,483,
1,6,2017,474,
1,7,2017,467,
1,8,2017,459,
1,9,2017,451,
1,10,2017,471,
1,11,2017,504,
1,12,2017,500,
1,13,2017,485,
1,14,2017,478,
1,15,2017,471,
1,16,2017,463,
1,17,2017,457,
1,18,2017,451,
1,19,2017,444,
1,20,2017,440,
1,21,2017,341,
1,22,2017,341,
1,23,2017,342,
1,24,2017,250,
1,25,2017,252,
1,26,2017,254,
1,27,2017,253,
1,28,2017,250,
1,29,2017,251,
1,30,2017,254,
1,31,2017,268,
2,1,2017,279,
2,2,2017,361,
2,3,2017,357,
2,4,2017,354,
2,5,2017,370,
2,6,2017,372,
2,7,2017,405,
2,8,2017,392,
2,9,2017,386,
2,10,2017,395,
2,11,2017,385,
2,12,2017,381,
2,13,2017,372,
2,14,2017,364,
2,15,2017,355,
2,16,2017,351,
2,17,2017,343,
2,18,2017,222,
2,19,2017,203,
2,20,2017,114,
2,21,2017,56,
2,22,2017,45,
2,23,2017,53,
2,24,2017,52,
2,25,2017,50,
2,26,2017,52,
2,27,2017,69,
2,28,2017,68,
3,1,2017,67,
3,2,2017,67,
3,3,2017,66,
3,4,2017,63,
3,5,2017,19,
3,6,2017,0,
3,7,2017,0,
3,8,2017,0,
3,9,2017,0,
3,10,2017,0,
3,11,2017,0,
3,12,2017,0,
3,13,2017,0,
3,14,2017,0,
3,15,2017,0,
3,16,2017,0,
3,17,2017,0,
3,18,2017,0,
3,19,2017,0,
3,20,2017,0,
3,21,2017,0,
3,22,2017,0,
3,23,2017,0,
3,24,2017,0,
3,25,2017,0,
3,26,2017,0,
3,27,2017,0,
3,28,2017,0,
3,29,2017,0,
3,30,2017,0,
3,31,2017,0,
4,1,2017,0,
4,2,2017,0,
4,3,2017,0,
4,4,2017,0,
4,5,2017,0,
4,6,2017,0,
4,7,2017,0,
4,8,2017,0,
4,9,2017,0,
4,10,2017,0,
4,11,2017,0,
4,12,2017,0,
4,13,2017,0,
4,14,2017,0,
4,15,2017,0,
4,16,2017,0,
4,17,2017,0,
4,18,2017,0,
4,19,2017,0,
4,20,2017,0,
4,21,2017,0,
4,22,2017,0,
4,23,2017,1,
4,24,2017,110,
4,25,2017,0,
4,26,2017,0,
4,27,2017,88,
4,28,2017,31,
4,29,2017,0,
4,30,2017,0,
5,1,2017,0,
5,2,2017,0,
5,3,2017,0,
5,4,2017,0,
5,5,2017,0,
5,6,2017,0,
5,7,2017,0,
5,8,2017,0,
5,9,2017,0,
5,10,2017,0,
5,11,2017,0,
5,12,2017,0,
5,13,2017,0,
5,14,2017,0,
5,15,2017,0,
5,16,2017,0,
5,17,2017,0,
5,18,2017,0,
5,19,2017,0,
5,20,2017,0,
5,21,2017,0,
5,22,2017,0,
5,23,2017,0,
5,24,2017,0,
5,25,2017,0,
5,26,2017,0,
5,27,2017,0,
5,28,2017,0,
5,29,2017,0,
5,30,2017,0,
5,31,2017,0,
6,1,2017,0,
6,2,2017,0,
6,3,2017,0,
6,4,2017,0,
6,5,2017,0,
6,6,2017,0,
6,7,2017,0,
6,8,2017,0,
6,9,2017,0,
6,10,2017,0,
6,11,2017,0,
6,12,2017,0,
6,13,2017,0,
6,14,2017,0,
6,15,2017,0,
6,16,2017,0,
6,17,2017,0,
6,18,2017,0,
6,19,2017,0,
6,20,2017,0,
6,21,2017,0,
6,22,2017,0,
6,23,2017,0,
6,24,2017,0,
6,25,2017,0,
6,26,2017,0,
6,27,2017,0,
6,28,2017,0,
6,29,2017,0,
6,30,2017,0,
7,1,2017,0,
7,2,2017,0,
7,3,2017,0,
7,4,2017,0,
7,5,2017,0,
7,6,2017,0,
7,7,2017,0,
7,8,2017,0,
7,9,2017,0,
7,10,2017,0,
7,11,2017,0,
7,12,2017,0,
7,13,2017,0,
7,14,2017,0,
7,15,2017,0,
7,16,2017,0,
7,17,2017,0,
7,18,2017,0,
7,19,2017,0,
7,20,2017,0,
7,21,2017,0,
7,22,2017,0,
7,23,2017,0,
7,24,2017,0,
7,25,2017,0,
7,26,2017,0,
7,27,2017,0,
7,28,2017,0,
7,29,2017,0,
7,30,2017,0,
7,31,2017,0,
8,1,2017,0,
8,2,2017,0,
8,3,2017,0,
8,4,2017,0,
8,5,2017,0,
8,6,2017,0,
8,7,2017,0,
8,8,2017,0,
8,9,2017,0,
8,10,2017,0,
8,11,2017,0,
8,12,2017,0,
8,13,2017,0,
8,14,2017,0,
8,15,2017,0,
8,16,2017,0,
8,17,2017,0,
8,18,2017,0,
8,19,2017,0,
8,20,2017,0,
8,21,2017,0,
8,22,2017,0,
8,23,2017,0,
8,24,2017,0,
8,25,2017,0,
8,26,2017,0,
8,27,2017,0,
8,28,2017,0,
8,29,2017,0,
8,30,2017,0,
8,31,2017,0,
9,1,2017,0,
9,2,2017,0,
9,3,2017,0,
9,4,2017,0,
9,5,2017,0,
9,6,2017,0,
9,7,2017,0,
9,8,2017,0,
9,9,2017,0,
9,10,2017,0,
9,11,2017,0,
9,12,2017,0,
9,13,2017,0,
9,14,2017,0,
9,15,2017,0,
9,16,2017,0,
9,17,2017,0,
9,18,2017,0,
9,19,2017,0,
9,20,2017,0,
9,21,2017,0,
9,22,2017,0,
9,23,2017,0,
9,24,2017,0,
9,25,2017,0,
9,26,2017,0,
9,27,2017,0,
9,28,2017,0,
9,29,2017,0,
9,30,2017,0,
10,1,2017,0,
10,2,2017,0,
10,3,2017,0,
10,4,2017,0,
10,5,2017,0,
10,6,2017,0,
10,7,2017,0,
10,8,2017,0,
10,9,2017,0,
10,10,2017,0,
10,11,2017,0,
10,12,2017,0,
10,13,2017,0,
10,14,2017,0,
10,15,2017,0,
10,16,2017,0,
10,17,2017,0,
10,18,2017,0,
10,19,2017,0,
10,20,2017,0,
10,21,2017,0,
10,22,2017,0,
10,23,2017,0,
10,24,2017,0,
10,25,2017,0,
10,26,2017,0,
10,27,2017,32,
10,28,2017,28,
10,29,2017,26,
10,30,2017,0,
10,31,2017,0,
11,1,2017,0,
11,2,2017,76,
11,3,2017,48,
11,4,2017,100,
11,5,2017,182,
11,6,2017,165,
11,7,2017,147,
11,8,2017,139,
11,9,2017,152,
11,10,2017,147,
11,11,2017,140,
11,12,2017,137,
11,13,2017,136,
11,14,2017,132,
11,15,2017,102,
11,16,2017,101,
11,17,2017,82,
11,18,2017,81,
11,19,2017,78,
11,20,2017,77,
11,21,2017,17,
11,22,2017,16,
11,23,2017,16,
11,24,2017,0,
11,25,2017,0,
11,26,2017,0,
11,27,2017,0,
11,28,2017,0,
11,29,2017,0,
11,30,2017,0,
12,1,2017,0,
12,2,2017,0,
12,3,2017,0,
12,4,2017,0,
12,5,2017,145,
12,6,2017,129,
12,7,2017,119,
12,8,2017,113,
12,9,2017,117,
12,10,2017,112,
12,11,2017,151,
12,12,2017,108,
12,13,2017,110,
12,14,2017,112,
12,15,2017,114,
12,16,2017,160,
12,17,2017,166,
12,18,2017,162,
12,19,2017,170,
12,20,2017,163,
12,21,2017,134,
12,22,2017,132,
12,23,2017,132,
12,24,2017,129,
12,25,2017,131,
12,26,2017,128,
12,27,2017,127,
12,28,2017,125,
12,29,2017,135,
12,30,2017,133,
12,31,2017,131,
1,1,2018,129,
1,2,2018,128,
1,3,2018,130,
1,4,2018,154,
1,5,2018,155,
1,6,2018,154,
1,7,2018,151,
1,8,2018,148,
1,9,2018,145,
1,10,2018,140,
1,11,2018,241,
1,12,2018,249,
1,13,2018,244,
1,14,2018,239,
1,15,2018,259,
1,16,2018,254,
1,17,2018,287,
1,18,2018,277,
1,19,2018,269,
1,20,2018,242,
1,21,2018,239,
1,22,2018,238,
1,23,2018,240,
1,24,2018,208,
1,25,2018,213,
1,26,2018,214,
1,27,2018,211,
1,28,2018,210,
1,29,2018,208,
1,30,2018,207,
1,31,2018,202,
2,1,2018,200,
2,2,2018,197,
2,3,2018,199,
2,4,2018,246,
2,5,2018,240,
2,6,2018,246,
2,7,2018,258,
2,8,2018,254,
2,9,2018,251,
2,10,2018,248,
2,11,2018,244,
2,12,2018,240,
2,13,2018,238,
2,14,2018,234,
2,15,2018,234,
2,16,2018,236,
2,17,2018,230,
2,18,2018,225,
2,19,2018,289,
2,20,2018,288,
2,21,2018,307,
2,22,2018,299,
2,23,2018,297,
2,24,2018,302,
2,25,2018,362,
2,26,2018,353,
2,27,2018,262,
2,28,2018,258,
3,1,2018,254,
3,2,2018,249,
3,3,2018,251,
3,4,2018,227,
3,5,2018,182,
3,6,2018,556,
3,7,2018,527,
3,8,2018,511,
3,9,2018,499,
3,10,2018,375,
3,11,2018,372,
3,12,2018,365,
3,13,2018,330,
3,14,2018,324,
3,15,2018,318,
3,16,2018,312,
3,17,2018,307,
3,18,2018,303,
3,19,2018,303,
3,20,2018,345,
3,21,2018,348,
3,22,2018,295,
3,23,2018,292,
3,24,2018,283,
3,25,2018,329,
3,26,2018,479,
3,27,2018,333,
3,28,2018,285,
3,29,2018,251,
3,30,2018,254,
3,31,2018,276,
4,1,2018,273,
4,2,2018,265,
4,3,2018,259,
4,4,2018,254,
4,5,2018,249,
4,6,2018,212,
4,7,2018,207,
4,8,2018,204,
4,9,2018,201,
4,10,2018,198,
4,11,2018,163,
4,12,2018,199,
4,13,2018,222,
4,14,2018,208,
4,15,2018,195,
4,16,2018,188,
4,17,2018,100,
4,18,2018,61,
4,19,2018,0,
4,20,2018,0,
4,21,2018,0,
4,22,2018,0,
4,23,2018,0,
4,24,2018,0,
4,25,2018,0,
4,26,2018,0,
4,27,2018,0,
4,28,2018,0,
4,29,2018,0,
4,30,2018,0,
5,1,2018,0,
5,2,2018,0,
5,3,2018,0,
5,4,2018,0,
5,5,2018,0,
5,6,2018,0,
5,7,2018,0,
5,8,2018,0,
5,9,2018,0,
5,10,2018,0,
5,11,2018,0,
5,12,2018,0,
5,13,2018,0,
5,14,2018,0,
5,15,2018,0,
5,16,2018,0,
5,17,2018,0,
5,18,2018,0,
5,19,2018,0,
5,20,2018,0,
5,21,2018,0,
5,22,2018,0,
5,23,2018,0,
5,24,2018,0,
5,25,2018,0,
5,26,2018,0,
5,27,2018,0,
5,28,2018,0,
5,29,2018,0,
5,30,2018,0,
5,31,2018,0,
6,1,2018,0,
6,2,2018,0,
6,3,2018,0,
6,4,2018,0,
6,5,2018,0,
6,6,2018,0,
6,7,2018,0,
6,8,2018,0,
6,9,2018,0,
6,10,2018,0,
6,11,2018,0,
6,12,2018,0,
6,13,2018,0,
6,14,2018,0,
6,15,2018,0,
6,16,2018,0,
6,17,2018,0,
6,18,2018,0,
6,19,2018,0,
6,20,2018,0,
6,21,2018,0,
6,22,2018,0,
6,23,2018,0,
6,24,2018,0,
6,25,2018,0,
6,26,2018,0,
6,27,2018,0,
6,28,2018,0,
6,29,2018,0,
6,30,2018,0,
7,1,2018,0,
7,2,2018,0,
7,3,2018,0,
7,4,2018,0,
7,5,2018,0,
7,6,2018,0,
7,7,2018,0,
7,8,2018,0,
7,9,2018,0,
7,10,2018,0,
7,11,2018,0,
7,12,2018,0,
7,13,2018,0,
7,14,2018,0,
7,15,2018,0,
7,16,2018,0,
7,17,2018,0,
7,18,2018,0,
7,19,2018,0,
7,20,2018,0,
7,21,2018,0,
7,22,2018,0,
7,23,2018,0,
7,24,2018,0,
7,25,2018,0,
7,26,2018,0,
7,27,2018,0,
7,28,2018,0,
7,29,2018,0,
7,30,2018,0,
7,31,2018,0,
8,1,2018,0,
8,2,2018,0,
8,3,2018,0,
8,4,2018,0,
8,5,2018,0,
8,6,2018,0,
8,7,2018,0,
8,8,2018,0,
8,9,2018,0,
8,10,2018,0,
8,11,2018,0,
8,12,2018,0,
8,13,2018,0,
8,14,2018,0,
8,15,2018,0,
8,16,2018,0,
8,17,2018,0,
8,18,2018,0,
8,19,2018,0,
8,20,2018,0,
8,21,2018,0,
8,22,2018,0,
8,23,2018,0,
8,24,2018,0,
8,25,2018,0,
8,26,2018,0,
8,27,2018,0,
8,28,2018,0,
8,29,2018,0,
8,30,2018,0,
8,31,2018,0,
9,1,2018,0,
9,2,2018,0,
9,3,2018,0,
9,4,2018,0,
9,5,2018,0,
9,6,2018,0,
9,7,2018,0,
9,8,2018,0,
9,9,2018,0,
9,10,2018,0,
9,11,2018,0,
9,12,2018,0,
9,13,2018,0,
9,14,2018,0,
9,15,2018,0,
9,16,2018,0,
9,17,2018,0,
9,18,2018,0,
9,19,2018,0,
9,20,2018,0,
9,21,2018,0,
9,22,2018,0,
9,23,2018,0,
9,24,2018,0,
9,25,2018,0,
9,26,2018,0,
9,27,2018,0,
9,28,2018,0,
9,29,2018,0,
9,30,2018,0,
10,1,2018,0,
10,2,2018,0,
10,3,2018,0,
10,4,2018,0,
10,5,2018,48,
10,6,2018,57,
10,7,2018,58,
10,8,2018,45,
10,9,2018,0,
10,10,2018,0,
10,11,2018,186,
10,12,2018,167,
10,13,2018,126,
10,14,2018,18,
10,15,2018,17,
10,16,2018,0,
10,17,2018,0,
10,18,2018,0,
10,19,2018,0,
10,20,2018,0,
10,21,2018,0,
10,22,2018,0,
10,23,2018,0,
10,24,2018,0,
10,25,2018,0,
10,26,2018,0,
10,27,2018,0,
10,28,2018,0,
10,29,2018,0,
10,30,2018,0,
10,31,2018,0,
11,1,2018,0,
11,2,2018,0,
11,3,2018,0,
11,4,2018,0,
11,5,2018,0,
11,6,2018,0,
11,7,2018,13,
11,8,2018,11,
11,9,2018,12,
11,10,2018,11,
11,11,2018,29,
11,12,2018,27,
11,13,2018,59,
11,14,2018,54,
11,15,2018,42,
11,16,2018,57,
11,17,2018,56,
11,18,2018,54,
11,19,2018,53,
11,20,2018,52,
11,21,2018,51,
11,22,2018,49,
11,23,2018,49,
11,24,2018,51,
11,25,2018,50,
11,26,2018,50,
11,27,2018,49,
11,28,2018,48,
11,29,2018,59,
11,30,2018,49,
12,1,2018,49,
12,2,2018,49,
12,3,2018,63,
12,4,2018,49,
12,5,2018,49,
12,6,2018,49,
12,7,2018,44,
12,8,2018,44,
12,9,2018,49,
12,10,2018,41,
12,11,2018,49,
12,12,2018,46,
12,13,2018,49,
12,14,2018,49,
12,15,2018,49,
12,16,2018,74,
12,17,2018,49,
12,18,2018,49,
12,19,2018,49,
12,20,2018,49,
12,21,2018,49,
12,22,2018,49,
12,23,2018,70,
12,24,2018,49,
12,25,2018,49,
12,26,2018,49,
12,27,2018,49,
12,28,2018,49,
12,29,2018,263,
12,30,2018,250,
12,31,2018,49,
1,1,2019,49,
1,2,2019,49,
1,3,2019,49,
1,4,2019,49,
1,5,2019,49,
1,6,2019,196,
1,7,2019,192,
1,8,2019,189,
1,9,2019,181,
1,10,2019,178,
1,11,2019,175,
1,12,2019,223,
1,13,2019,222,
1,14,2019,220,
1,15,2019,217,
1,16,2019,214,
1,17,2019,212,
1,18,2019,210,
1,19,2019,208,
1,20,2019,206,
1,21,2019,205,
1,22,2019,233,
1,23,2019,266,
1,24,2019,314,
1,25,2019,308,
1,26,2019,304,
1,27,2019,300,
1,28,2019,350,
1,29,2019,298,
1,30,2019,293,
1,31,2019,290,
2,1,2019,286,
2,2,2019,281,
2,3,2019,280,
2,4,2019,382,
2,5,2019,408,
2,6,2019,402,
2,7,2019,369,
2,8,2019,413,
2,9,2019,390,
2,10,2019,381,
2,11,2019,373,
2,12,2019,369,
2,13,2019,424,
2,14,2019,415,
2,15,2019,407,
2,16,2019,399,
2,17,2019,393,
2,18,2019,386,
2,19,2019,381,
2,20,2019,391,
2,21,2019,445,
2,22,2019,432,
2,23,2019,440,
2,24,2019,452,
2,25,2019,442,
2,26,2019,435,
2,27,2019,436,
2,28,2019,428,
3,1,2019,421,
3,2,2019,416,
3,3,2019,411,
3,4,2019,405,
3,5,2019,401,
3,6,2019,396,
3,7,2019,391,
3,8,2019,474,
3,9,2019,469,
3,10,2019,638,
3,11,2019,612,
3,12,2019,592,
3,13,2019,567,
3,14,2019,606,
3,15,2019,651,
3,16,2019,628,
3,17,2019,616,
3,18,2019,604,
3,19,2019,593,
3,20,2019,582,
3,21,2019,500,
3,22,2019,437,
3,23,2019,421,
3,24,2019,396,
3,25,2019,392,
3,26,2019,343,
3,27,2019,341,
3,28,2019,297,
3,29,2019,296,
3,30,2019,265,
3,31,2019,263,
4,1,2019,271,
4,2,2019,210,
4,3,2019,214,
4,4,2019,211,
4,5,2019,77,
4,6,2019,70,
4,7,2019,46,
4,8,2019,0,
4,9,2019,0,
4,10,2019,0,
4,11,2019,0,
4,12,2019,130,
4,13,2019,129,
4,14,2019,99,
4,15,2019,26,
4,16,2019,0,
4,17,2019,0,
4,18,2019,0,
4,19,2019,0,
4,20,2019,0,
4,21,2019,0,
4,22,2019,0,
4,23,2019,0,
4,24,2019,0,
4,25,2019,0,
4,26,2019,0,
4,27,2019,0,
4,28,2019,0,
4,29,2019,0,
4,30,2019,0,
5,1,2019,0,
5,2,2019,0,
5,3,2019,0,
5,4,2019,0,
5,5,2019,0,
5,6,2019,0,
5,7,2019,0,
5,8,2019,0,
5,9,2019,0,
5,10,2019,0,
5,11,2019,0,
5,12,2019,0,
5,13,2019,0,
5,14,2019,0,
5,15,2019,0,
5,16,2019,0,
5,17,2019,0,
5,18,2019,0,
5,19,2019,0,
5,20,2019,0,
5,21,2019,0,
5,22,2019,0,
5,23,2019,0,
5,24,2019,0,
5,25,2019,0,
5,26,2019,0,
5,27,2019,0,
5,28,2019,0,
5,29,2019,0,
5,30,2019,0,
5,31,2019,0,
6,1,2019,0,
6,2,2019,0,
6,3,2019,0,
6,4,2019,0,
6,5,2019,0,
6,6,2019,0,
6,7,2019,0,
6,8,2019,0,
6,9,2019,0,
6,10,2019,0,
6,11,2019,0,
6,12,2019,0,
6,13,2019,0,
6,14,2019,0,
6,15,2019,0,
6,16,2019,0,
6,17,2019,0,
6,18,2019,0,
6,19,2019,0,
6,20,2019,0,
6,21,2019,0,
6,22,2019,0,
6,23,2019,0,
6,24,2019,0,
6,25,2019,0,
6,26,2019,0,
6,27,2019,0,
6,28,2019,0,
6,29,2019,0,
6,30,2019,0,
7,1,2019,0,
7,2,2019,0,
7,3,2019,0,
7,4,2019,0,
7,5,2019,0,
7,6,2019,0,
7,7,2019,0,
7,8,2019,0,
7,9,2019,0,
7,10,2019,0,
7,11,2019,0,
7,12,2019,0,
7,13,2019,0,
7,14,2019,0,
7,15,2019,0,
7,16,2019,0,
7,17,2019,0,
7,18,2019,0,
7,19,2019,0,
7,20,2019,0,
7,21,2019,0,
7,22,2019,0,
7,23,2019,0,
7,24,2019,0,
7,25,2019,0,
7,26,2019,0,
7,27,2019,0,
7,28,2019,0,
7,29,2019,0,
7,30,2019,0,
7,31,2019,0,
8,1,2019,0,
8,2,2019,0,
8,3,2019,0,
8,4,2019,0,
8,5,2019,0,
8,6,2019,0,
8,7,2019,0,
8,8,2019,0,
8,9,2019,0,
8,10,2019,0,
8,11,2019,0,
8,12,2019,0,
8,13,2019,0,
8,14,2019,0,
8,15,2019,0,
8,16,2019,0,
8,17,2019,0,
8,18,2019,0,
8,19,2019,0,
8,20,2019,0,
8,21,2019,0,
8,22,2019,0,
8,23,2019,0,
8,24,2019,0,
8,25,2019,0,
8,26,2019,0,
8,27,2019,0,
8,28,2019,0,
8,29,2019,0,
8,30,2019,0,
8,31,2019,0,
9,1,2019,0,
9,2,2019,0,
9,3,2019,0,
9,4,2019,0,
9,5,2019,0,
9,6,2019,0,
9,7,2019,0,
9,8,2019,0,
9,9,2019,0,
9,10,2019,0,
9,11,2019,0,
9,12,2019,0,
9,13,2019,0,
9,14,2019,0,
9,15,2019,0,
9,16,2019,0,
9,17,2019,0,
9,18,2019,0,
9,19,2019,0,
9,20,2019,0,
9,21,2019,0,
9,22,2019,0,
9,23,2019,0,
9,24,2019,0,
9,25,2019,0,
9,26,2019,0,
9,27,2019,0,
9,28,2019,0,
9,29,2019,0,
9,30,2019,0,
10,1,2019,0,
10,2,2019,0,
10,3,2019,0,
10,4,2019,0,
10,5,2019,0,
10,6,2019,0,
10,7,2019,0,
10,8,2019,0,
10,9,2019,0,
10,10,2019,0,
10,11,2019,32,
10,12,2019,244,
10,13,2019,249,
10,14,2019,240,
10,15,2019,60,
10,16,2019,37,
10,17,2019,0,
10,18,2019,0,
10,19,2019,0,
10,20,2019,0,
10,21,2019,0,
10,22,2019,0,
10,23,2019,0,
10,24,2019,0,
10,25,2019,0,
10,26,2019,0,
10,27,2019,0,
10,28,2019,0,
10,29,2019,0,
10,30,2019,0,
10,31,2019,0,
11,1,2019,0,
11,2,2019,4,
11,3,2019,2,
11,4,2019,4,
11,5,2019,5,
11,6,2019,4,
11,7,2019,1,
11,8,2019,0,
11,9,2019,0,
11,10,2019,12,
11,11,2019,12,
11,12,2019,9,
11,13,2019,5,
11,14,2019,0,
11,15,2019,0,
11,16,2019,0,
11,17,2019,0,
11,18,2019,0,
11,19,2019,0,
11,20,2019,0,
11,21,2019,28,
11,22,2019,26,
11,23,2019,20,
11,24,2019,0,
11,25,2019,0,
11,26,2019,4,
11,27,2019,4,
11,28,2019,3,
11,29,2019,3,
11,30,2019,4,
12,1,2019,189,
12,2,2019,184,
12,3,2019,167,
12,4,2019,196,
12,5,2019,183,
12,6,2019,174,
12,7,2019,195,
12,8,2019,188,
12,9,2019,240,
12,10,2019,241,
12,11,2019,234,
12,12,2019,239,
12,13,2019,239,
12,14,2019,239,
12,15,2019,233,
12,16,2019,228,
12,17,2019,222,
12,18,2019,217,
12,19,2019,211,
12,20,2019,208,
12,21,2019,206,
12,22,2019,202,
12,23,2019,199,
12,24,2019,223,
12,25,2019,222,
12,26,2019,228,
12,27,2019,270,
12,28,2019,264,
12,29,2019,305,
12,30,2019,512,
12,31,2019,426,
1,1,2020,406,
1,2,2020,391,
1,3,2020,379,
1,4,2020,369,
1,5,2020,359,
1,6,2020,346,
1,7,2020,337,
1,8,2020,329,
1,9,2020,346,
1,10,2020,340,
1,11,2020,334,
1,12,2020,330,
1,13,2020,325,
1,14,2020,323,
1,15,2020,320,
1,16,2020,358,
1,17,2020,353,
1,18,2020,472,
1,19,2020,501,
1,20,2020,487,
1,21,2020,475,
1,22,2020,463,
1,23,2020,454,
1,24,2020,446,
1,25,2020,440,
1,26,2020,434,
1,27,2020,432,
1,28,2020,428,
1,29,2020,424,
1,30,2020,422,
1,31,2020,422,
2,1,2020,418,
2,2,2020,390,
2,3,2020,337,
2,4,2020,334,
2,5,2020,332,
2,6,2020,330,
2,7,2020,345,
2,8,2020,343,
2,9,2020,342,
2,10,2020,341,
2,11,2020,362,
2,12,2020,360,
2,13,2020,363,
2,14,2020,362,
2,15,2020,364,
2,16,2020,362,
2,17,2020,360,
2,18,2020,364,
2,19,2020,363,
2,20,2020,362,
2,21,2020,359,
2,22,2020,357,
2,23,2020,355,
2,24,2020,343,
2,25,2020,342,
2,26,2020,340,
2,27,2020,339,
2,28,2020,338,
2,29,2020,338,
3,1,2020,338,
3,2,2020,335,
3,3,2020,334,
3,4,2020,332,
3,5,2020,333,
3,6,2020,333,
3,7,2020,329,
3,8,2020,323,
3,9,2020,322,
3,10,2020,321,
3,11,2020,320,
3,12,2020,307,
3,13,2020,304,
3,14,2020,302,
3,15,2020,301,
3,16,2020,309,
3,17,2020,309,
3,18,2020,307,
3,19,2020,329,
3,20,2020,345,
3,21,2020,342,
3,22,2020,341,
3,23,2020,340,
3,24,2020,337,
3,25,2020,240,
3,26,2020,239,
3,27,2020,204,
3,28,2020,190,
3,29,2020,169,
3,30,2020,127,
3,31,2020,97,
4,1,2020,25,
4,2,2020,0,
4,3,2020,190,
4,4,2020,172,
4,5,2020,157,
4,6,2020,144,
4,7,2020,107,
4,8,2020,89,
4,9,2020,12,
4,10,2020,7,
4,11,2020,0,
4,12,2020,0,
4,13,2020,3,
4,14,2020,17,
4,15,2020,16,
4,16,2020,9,
4,17,2020,7,
4,18,2020,0,
4,19,2020,0,
4,20,2020,0,
4,21,2020,0,
4,22,2020,0,
4,23,2020,0,
4,24,2020,0,
4,25,2020,0,
4,26,2020,0,
4,27,2020,0,
4,28,2020,0,
4,29,2020,0,
4,30,2020,0,
5,1,2020,0,
5,2,2020,0,
5,3,2020,0,
5,4,2020,0,
5,5,2020,0,
5,6,2020,0,
5,7,2020,0,
5,8,2020,0,
5,9,2020,0,
5,10,2020,0,
5,11,2020,0,
5,12,2020,0,
5,13,2020,0,
5,14,2020,0,
5,15,2020,0,
5,16,2020,0,
5,17,2020,0,
5,18,2020,0,
5,19,2020,0,
5,20,2020,0,
5,21,2020,0,
5,22,2020,0,
5,23,2020,0,
5,24,2020,0,
5,25,2020,0,
5,26,2020,0,
5,27,2020,0,
5,28,2020,0,
5,29,2020,0,
5,30,2020,0,
5,31,2020,0,
6,1,2020,0,
6,2,2020,0,
6,3,2020,0,
6,4,2020,0,
6,5,2020,0,
6,6,2020,0,
6,7,2020,0,
6,8,2020,0,
6,9,2020,0,
6,10,2020,0,
6,11,2020,0,
6,12,2020,0,
6,13,2020,0,
6,14,2020,0,
6,15,2020,0,
6,16,2020,0,
6,17,2020,0,
6,18,2020,0,
6,19,2020,0,
6,20,2020,0,
6,21,2020,0,
6,22,2020,0,
6,23,2020,0,
6,24,2020,0,
6,25,2020,0,
6,26,2020,0,
6,27,2020,0,
6,28,2020,0,
6,29,2020,0,
6,30,2020,0,
7,1,2020,0,
7,2,2020,0,
7,3,2020,0,
7,4,2020,0,
7,5,2020,0,
7,6,2020,0,
7,7,2020,0,
7,8,2020,0,
7,9,2020,0,
7,10,2020,0,
7,11,2020,0,
7,12,2020,0,
7,13,2020,0,
7,14,2020,0,
7,15,2020,0,
7,16,2020,0,
7,17,2020,0,
7,18,2020,0,
7,19,2020,0,
7,20,2020,0,
7,21,2020,0,
7,22,2020,0,
7,23,2020,0,
7,24,2020,0,
7,25,2020,0,
7,26,2020,0,
7,27,2020,0,
7,28,2020,0,
7,29,2020,0,
7,30,2020,0,
7,31,2020,0,
8,1,2020,0,
8,2,2020,0,
8,3,2020,0,
8,4,2020,0,
8,5,2020,0,
8,6,2020,0,
8,7,2020,0,
8,8,2020,0,
8,9,2020,0,
8,10,2020,0,
8,11,2020,0,
8,12,2020,0,
8,13,2020,0,
8,14,2020,0,
8,15,2020,0,
8,16,2020,0,
8,17,2020,0,
8,18,2020,0,
8,19,2020,0,
8,20,2020,0,
8,21,2020,0,
8,22,2020,0,
8,23,2020,0,
8,24,2020,0,
8,25,2020,0,
8,26,2020,0,
8,27,2020,0,
8,28,2020,0,
8,29,2020,0,
8,30,2020,0,
8,31,2020,0,
9,1,2020,0,
9,2,2020,0,
9,3,2020,0,
9,4,2020,0,
9,5,2020,0,
9,6,2020,0,
9,7,2020,0,
9,8,2020,0,
9,9,2020,0,
9,10,2020,0,
9,11,2020,0,
9,12,2020,0,
9,13,2020,0,
9,14,2020,0,
9,15,2020,0,
9,16,2020,0,
9,17,2020,0,
9,18,2020,0,
9,19,2020,0,
9,20,2020,0,
9,21,2020,0,
9,22,2020,0,
9,23,2020,0,
9,24,2020,0,
9,25,2020,0,
9,26,2020,0,
9,27,2020,0,
9,28,2020,0,
9,29,2020,0,
9,30,2020,0,
10,1,2020,0,
10,2,2020,0,
10,3,2020,0,
10,4,2020,0,
10,5,2020,0,
10,6,2020,0,
10,7,2020,0,
10,8,2020,0,
10,9,2020,0,
10,10,2020,0,
10,11,2020,0,
10,12,2020,0,
10,13,2020,0,
10,14,2020,0,
10,15,2020,0,
10,16,2020,0,
10,17,2020,0,
10,18,2020,0,
10,19,2020,0,
10,20,2020,0,
10,21,2020,43,
10,22,2020,40,
10,23,2020,40,
10,24,2020,35,
10,25,2020,33,
10,26,2020,30,
10,27,2020,26,
10,28,2020,20,
10,29,2020,0,
10,30,2020,14,
10,31,2020,0,
11,1,2020,0,
11,2,2020,0,
11,3,2020,0,
11,4,2020,0,
11,5,2020,0,
11,6,2020,0,
11,7,2020,0,
11,8,2020,0,
11,9,2020,0,
11,10,2020,0,
11,11,2020,0,
11,12,2020,0,
11,13,2020,0,
11,14,2020,0,
11,15,2020,0,
11,16,2020,0,
11,17,2020,4,
11,18,2020,3,
11,19,2020,0,
11,20,2020,19,
11,21,2020,17,
11,22,2020,13,
11,23,2020,11,
11,24,2020,5,
11,25,2020,10,
11,26,2020,10,
11,27,2020,7,
11,28,2020,4,
11,29,2020,0,
11,30,2020,0,
12,1,2020,0,
12,2,2020,0,
12,3,2020,0,
12,4,2020,0,
12,5,2020,0,
12,6,2020,0,
12,7,2020,0,
12,8,2020,0,
12,9,2020,0,
12,10,2020,0,
12,11,2020,0,
12,12,2020,0,
12,13,2020,0,
12,14,2020,9,
12,15,2020,12,
12,16,2020,9,
12,17,2020,0,
12,18,2020,0,
12,19,2020,37,
12,20,2020,29,
12,21,2020,30,
12,22,2020,27,
12,23,2020,24,
12,24,2020,24,
12,25,2020,23,
12,26,2020,21,
12,27,2020,20,
12,28,2020,24,
12,29,2020,63,
12,30,2020,88,
12,31,2020,91,
1,1,2021,83,
1,2,2021,81,
1,3,2021,77,
1,4,2021,72,
1,5,2021,73,
1,6,2021,72,
1,7,2021,71,
1,8,2021,70,
1,9,2021,72,
1,10,2021,73,
1,11,2021,72,
1,12,2021,72,
1,13,2021,71,
